de13c224728ec0b063722ff9c929483db2c1caa0d11d9a202ccdb396c11860cb.PG6.PA12,52_urban_green_city_cities,0.48036796695509076,52,0,0.0,urban,green,city,cities,spaces,planning,infrastructure,plan,nature,space
de13c224728ec0b063722ff9c929483db2c1caa0d11d9a202ccdb396c11860cb.PG8.PA5,3_water_groundwater_resources_irrigation,0.6412715065481664,3,0,0.0,water,groundwater,resources,irrigation,river,management,supply,freshwater,basin,hydropower
de13c224728ec0b063722ff9c929483db2c1caa0d11d9a202ccdb396c11860cb.PG10.PA4,66_wetlands_wetland_ramsar_water,0.7360861970020973,66,0,0.0,wetlands,wetland,ramsar,water,convention,pollution,loss,wise,freshwater,in
de13c224728ec0b063722ff9c929483db2c1caa0d11d9a202ccdb396c11860cb.PG10.PA5,39_carbon_co2_vegetation_net,0.8975674760419396,39,0,0.0,carbon,co2,vegetation,net,sink,emissions,biomass,atmospheric,forest,air
de13c224728ec0b063722ff9c929483db2c1caa0d11d9a202ccdb396c11860cb.PG10.PA7,14_wildlife_disease_trade_diseases,0.211228487145727,14,0,0.0,wildlife,disease,trade,diseases,animal,animals,zoonosis,pathogens,infectious,human
de13c224728ec0b063722ff9c929483db2c1caa0d11d9a202ccdb396c11860cb.PG11.PA1,3_water_groundwater_resources_irrigation,0.6413502400118202,3,0,0.0,water,groundwater,resources,irrigation,river,management,supply,freshwater,basin,hydropower
de13c224728ec0b063722ff9c929483db2c1caa0d11d9a202ccdb396c11860cb.PG11.PA24,4_fisheries_fishing_aquaculture_marine,1.0,4,0,0.0,fisheries,fishing,aquaculture,marine,fish,fishers,management,stocks,fishery,coastal
de13c224728ec0b063722ff9c929483db2c1caa0d11d9a202ccdb396c11860cb.PG13.PA4,3_water_groundwater_resources_irrigation,0.6413502400118202,3,0,0.0,water,groundwater,resources,irrigation,river,management,supply,freshwater,basin,hydropower
de13c224728ec0b063722ff9c929483db2c1caa0d11d9a202ccdb396c11860cb.PG13.PA5,3_water_groundwater_resources_irrigation,0.3782941621135274,3,0,0.0,water,groundwater,resources,irrigation,river,management,supply,freshwater,basin,hydropower
de13c224728ec0b063722ff9c929483db2c1caa0d11d9a202ccdb396c11860cb.PG13.PA6,78_mangrove_mangroves_coastal_forests,1.0,78,0,0.0,mangrove,mangroves,coastal,forests,ecosystems,wetlands,restoration,marshes,in,salt
de13c224728ec0b063722ff9c929483db2c1caa0d11d9a202ccdb396c11860cb.PG13.PA7,78_mangrove_mangroves_coastal_forests,0.3030477143534543,78,0,0.0,mangrove,mangroves,coastal,forests,ecosystems,wetlands,restoration,marshes,in,salt
de13c224728ec0b063722ff9c929483db2c1caa0d11d9a202ccdb396c11860cb.PG13.PA8,4_fisheries_fishing_aquaculture_marine,1.0,4,0,0.0,fisheries,fishing,aquaculture,marine,fish,fishers,management,stocks,fishery,coastal
de13c224728ec0b063722ff9c929483db2c1caa0d11d9a202ccdb396c11860cb.PG13.PA9,4_fisheries_fishing_aquaculture_marine,0.7875827158347987,4,0,0.0,fisheries,fishing,aquaculture,marine,fish,fishers,management,stocks,fishery,coastal
de13c224728ec0b063722ff9c929483db2c1caa0d11d9a202ccdb396c11860cb.PG13.PA11,14_wildlife_disease_trade_diseases,0.36932510984225136,14,0,0.0,wildlife,disease,trade,diseases,animal,animals,zoonosis,pathogens,infectious,human
de13c224728ec0b063722ff9c929483db2c1caa0d11d9a202ccdb396c11860cb.PG13.PA14,4_fisheries_fishing_aquaculture_marine,1.0,4,0,0.0,fisheries,fishing,aquaculture,marine,fish,fishers,management,stocks,fishery,coastal
de13c224728ec0b063722ff9c929483db2c1caa0d11d9a202ccdb396c11860cb.PG14.PA6,93_coral_reefs_reef_bleaching,0.5396217001916453,93,0,0.0,coral,reefs,reef,bleaching,corals,caribbean,coastal,marine,acidification,ecosystems
de13c224728ec0b063722ff9c929483db2c1caa0d11d9a202ccdb396c11860cb.PG16.PA5,49_species_extinction_threatened_red,0.8843547700340966,49,0,0.0,species,extinction,threatened,red,list,iucn,taxonomic,extinct,endangered,risk
de13c224728ec0b063722ff9c929483db2c1caa0d11d9a202ccdb396c11860cb.PG16.PA7,49_species_extinction_threatened_red,0.8382428675233035,49,0,0.0,species,extinction,threatened,red,list,iucn,taxonomic,extinct,endangered,risk
de13c224728ec0b063722ff9c929483db2c1caa0d11d9a202ccdb396c11860cb.PG16.PA8,49_species_extinction_threatened_red,0.7014371949076859,49,0,0.0,species,extinction,threatened,red,list,iucn,taxonomic,extinct,endangered,risk
de13c224728ec0b063722ff9c929483db2c1caa0d11d9a202ccdb396c11860cb.PG16.PA10,49_species_extinction_threatened_red,0.696193712896771,49,0,0.0,species,extinction,threatened,red,list,iucn,taxonomic,extinct,endangered,risk
de13c224728ec0b063722ff9c929483db2c1caa0d11d9a202ccdb396c11860cb.PG17.PA7,1_food_diet_healthy_diets,0.9951468461219649,1,0,0.0,food,diet,healthy,diets,foods,cost,insecurity,nutrition,dietary,income
de13c224728ec0b063722ff9c929483db2c1caa0d11d9a202ccdb396c11860cb.PG17.PA9,4_fisheries_fishing_aquaculture_marine,0.9557773355936774,4,0,0.0,fisheries,fishing,aquaculture,marine,fish,fishers,management,stocks,fishery,coastal
de13c224728ec0b063722ff9c929483db2c1caa0d11d9a202ccdb396c11860cb.PG17.PA11,47_supplementary_drought_inconsistent_confidence,0.9189585537384818,47,0,0.0,supplementary,drought,inconsistent,confidence,moisture,material,cdd,spei,drying,chapter
de13c224728ec0b063722ff9c929483db2c1caa0d11d9a202ccdb396c11860cb.PG17.PA12,4_fisheries_fishing_aquaculture_marine,1.0,4,0,0.0,fisheries,fishing,aquaculture,marine,fish,fishers,management,stocks,fishery,coastal
de13c224728ec0b063722ff9c929483db2c1caa0d11d9a202ccdb396c11860cb.PG17.PA13,4_fisheries_fishing_aquaculture_marine,1.0,4,0,0.0,fisheries,fishing,aquaculture,marine,fish,fishers,management,stocks,fishery,coastal
de13c224728ec0b063722ff9c929483db2c1caa0d11d9a202ccdb396c11860cb.PG17.PA14,4_fisheries_fishing_aquaculture_marine,1.0,4,0,0.0,fisheries,fishing,aquaculture,marine,fish,fishers,management,stocks,fishery,coastal
de13c224728ec0b063722ff9c929483db2c1caa0d11d9a202ccdb396c11860cb.PG17.PA15,3_water_groundwater_resources_irrigation,0.6413502400118202,3,0,0.0,water,groundwater,resources,irrigation,river,management,supply,freshwater,basin,hydropower
de13c224728ec0b063722ff9c929483db2c1caa0d11d9a202ccdb396c11860cb.PG17.PA16,3_water_groundwater_resources_irrigation,0.6413502400118202,3,0,0.0,water,groundwater,resources,irrigation,river,management,supply,freshwater,basin,hydropower
de13c224728ec0b063722ff9c929483db2c1caa0d11d9a202ccdb396c11860cb.PG17.PA17,3_water_groundwater_resources_irrigation,0.6413502400118202,3,0,0.0,water,groundwater,resources,irrigation,river,management,supply,freshwater,basin,hydropower
de13c224728ec0b063722ff9c929483db2c1caa0d11d9a202ccdb396c11860cb.PG18.PA6,4_fisheries_fishing_aquaculture_marine,1.0,4,0,0.0,fisheries,fishing,aquaculture,marine,fish,fishers,management,stocks,fishery,coastal
de13c224728ec0b063722ff9c929483db2c1caa0d11d9a202ccdb396c11860cb.PG18.PA16,3_water_groundwater_resources_irrigation,0.6413502400118202,3,0,0.0,water,groundwater,resources,irrigation,river,management,supply,freshwater,basin,hydropower
de13c224728ec0b063722ff9c929483db2c1caa0d11d9a202ccdb396c11860cb.PG19.PA3,66_wetlands_wetland_ramsar_water,0.7088905913757343,66,0,0.0,wetlands,wetland,ramsar,water,convention,pollution,loss,wise,freshwater,in
de13c224728ec0b063722ff9c929483db2c1caa0d11d9a202ccdb396c11860cb.PG19.PA7,31_disaster_risk_disasters_hazards,0.8592756179272217,31,0,0.0,disaster,risk,disasters,hazards,vulnerability,events,floods,risks,natural,hazard
de13c224728ec0b063722ff9c929483db2c1caa0d11d9a202ccdb396c11860cb.PG19.PA11,4_fisheries_fishing_aquaculture_marine,1.0,4,0,0.0,fisheries,fishing,aquaculture,marine,fish,fishers,management,stocks,fishery,coastal
de13c224728ec0b063722ff9c929483db2c1caa0d11d9a202ccdb396c11860cb.PG19.PA15,4_fisheries_fishing_aquaculture_marine,0.946213635630832,4,0,0.0,fisheries,fishing,aquaculture,marine,fish,fishers,management,stocks,fishery,coastal
de13c224728ec0b063722ff9c929483db2c1caa0d11d9a202ccdb396c11860cb.PG20.PA15,46_pathways_sustainability_sustainable_goals,0.8964064836234062,46,0,0.0,pathways,sustainability,sustainable,goals,development,transformation,transition,narratives,innovation,economy
de13c224728ec0b063722ff9c929483db2c1caa0d11d9a202ccdb396c11860cb.PG20.PA17,46_pathways_sustainability_sustainable_goals,0.9121689340614477,46,0,0.0,pathways,sustainability,sustainable,goals,development,transformation,transition,narratives,innovation,economy
de13c224728ec0b063722ff9c929483db2c1caa0d11d9a202ccdb396c11860cb.PG20.PA23,3_water_groundwater_resources_irrigation,0.6413502400118202,3,0,0.0,water,groundwater,resources,irrigation,river,management,supply,freshwater,basin,hydropower
de13c224728ec0b063722ff9c929483db2c1caa0d11d9a202ccdb396c11860cb.PG20.PA26,3_water_groundwater_resources_irrigation,0.6413502400118202,3,0,0.0,water,groundwater,resources,irrigation,river,management,supply,freshwater,basin,hydropower
de13c224728ec0b063722ff9c929483db2c1caa0d11d9a202ccdb396c11860cb.PG21.PA5,4_fisheries_fishing_aquaculture_marine,1.0,4,0,0.0,fisheries,fishing,aquaculture,marine,fish,fishers,management,stocks,fishery,coastal
de13c224728ec0b063722ff9c929483db2c1caa0d11d9a202ccdb396c11860cb.PG21.PA8,3_water_groundwater_resources_irrigation,0.509107984619253,3,0,0.0,water,groundwater,resources,irrigation,river,management,supply,freshwater,basin,hydropower
de13c224728ec0b063722ff9c929483db2c1caa0d11d9a202ccdb396c11860cb.PG22.PA7,20_agriculture_farming_sustainable_agricultural,1.0,20,0,0.0,agriculture,farming,sustainable,agricultural,intensification,practices,farmers,see,food,production
de13c224728ec0b063722ff9c929483db2c1caa0d11d9a202ccdb396c11860cb.PG22.PA11,10_scenarios_decision_policy_scenario,1.0,10,0,0.0,scenarios,decision,policy,scenario,models,futures,exploratory,making,archetypes,options
de13c224728ec0b063722ff9c929483db2c1caa0d11d9a202ccdb396c11860cb.PG22.PA16,6_wind_solar_offshore_impacts,0.8996770304619333,6,0,0.0,wind,solar,offshore,impacts,turbines,energy,mitigation,project,farm,construction
de13c224728ec0b063722ff9c929483db2c1caa0d11d9a202ccdb396c11860cb.PG23.PA10,3_water_groundwater_resources_irrigation,0.6058437766066397,3,0,0.0,water,groundwater,resources,irrigation,river,management,supply,freshwater,basin,hydropower
de13c224728ec0b063722ff9c929483db2c1caa0d11d9a202ccdb396c11860cb.PG24.PA7,13_forest_forests_wood_timber,0.8230192493590729,13,0,0.0,forest,forests,wood,timber,forestry,logging,deforestation,asia,management,production
de13c224728ec0b063722ff9c929483db2c1caa0d11d9a202ccdb396c11860cb.PG24.PA13,18_indigenous_knowledge_local_peoples,1.0,18,0,0.0,indigenous,knowledge,local,peoples,traditional,ilk,cultural,communities,sacred,nature
87e000d4892891ac6592c38b8751ddb706d59a980b2e3e12258eda66f4b0a7cc.PG13.PA4,10_scenarios_decision_policy_scenario,0.6740469476790494,10,0,0.0,scenarios,decision,policy,scenario,models,futures,exploratory,making,archetypes,options
87e000d4892891ac6592c38b8751ddb706d59a980b2e3e12258eda66f4b0a7cc.PG20.PA6,4_fisheries_fishing_aquaculture_marine,1.0,4,0,0.0,fisheries,fishing,aquaculture,marine,fish,fishers,management,stocks,fishery,coastal
87e000d4892891ac6592c38b8751ddb706d59a980b2e3e12258eda66f4b0a7cc.PG20.PA16,3_water_groundwater_resources_irrigation,0.6413502400118202,3,0,0.0,water,groundwater,resources,irrigation,river,management,supply,freshwater,basin,hydropower
87e000d4892891ac6592c38b8751ddb706d59a980b2e3e12258eda66f4b0a7cc.PG21.PA4,4_fisheries_fishing_aquaculture_marine,1.0,4,0,0.0,fisheries,fishing,aquaculture,marine,fish,fishers,management,stocks,fishery,coastal
87e000d4892891ac6592c38b8751ddb706d59a980b2e3e12258eda66f4b0a7cc.PG25.PA1,4_fisheries_fishing_aquaculture_marine,1.0,4,0,0.0,fisheries,fishing,aquaculture,marine,fish,fishers,management,stocks,fishery,coastal
87e000d4892891ac6592c38b8751ddb706d59a980b2e3e12258eda66f4b0a7cc.PG25.PA5,14_wildlife_disease_trade_diseases,0.28400748977563256,14,0,0.0,wildlife,disease,trade,diseases,animal,animals,zoonosis,pathogens,infectious,human
87e000d4892891ac6592c38b8751ddb706d59a980b2e3e12258eda66f4b0a7cc.PG25.PA11,4_fisheries_fishing_aquaculture_marine,1.0,4,0,0.0,fisheries,fishing,aquaculture,marine,fish,fishers,management,stocks,fishery,coastal
87e000d4892891ac6592c38b8751ddb706d59a980b2e3e12258eda66f4b0a7cc.PG28.PA13,10_scenarios_decision_policy_scenario,0.8807123851555746,10,0,0.0,scenarios,decision,policy,scenario,models,futures,exploratory,making,archetypes,options
87e000d4892891ac6592c38b8751ddb706d59a980b2e3e12258eda66f4b0a7cc.PG30.PA1,93_coral_reefs_reef_bleaching,0.5504684525308632,93,0,0.0,coral,reefs,reef,bleaching,corals,caribbean,coastal,marine,acidification,ecosystems
87e000d4892891ac6592c38b8751ddb706d59a980b2e3e12258eda66f4b0a7cc.PG32.PA3,13_forest_forests_wood_timber,0.8232107949819053,13,0,0.0,forest,forests,wood,timber,forestry,logging,deforestation,asia,management,production
87e000d4892891ac6592c38b8751ddb706d59a980b2e3e12258eda66f4b0a7cc.PG34.PA11,1_food_diet_healthy_diets,1.0,1,0,0.0,food,diet,healthy,diets,foods,cost,insecurity,nutrition,dietary,income
87e000d4892891ac6592c38b8751ddb706d59a980b2e3e12258eda66f4b0a7cc.PG34.PA13,4_fisheries_fishing_aquaculture_marine,1.0,4,0,0.0,fisheries,fishing,aquaculture,marine,fish,fishers,management,stocks,fishery,coastal
87e000d4892891ac6592c38b8751ddb706d59a980b2e3e12258eda66f4b0a7cc.PG34.PA14,3_water_groundwater_resources_irrigation,0.5920508066627034,3,0,0.0,water,groundwater,resources,irrigation,river,management,supply,freshwater,basin,hydropower
87e000d4892891ac6592c38b8751ddb706d59a980b2e3e12258eda66f4b0a7cc.PG34.PA16,13_forest_forests_wood_timber,1.0,13,0,0.0,forest,forests,wood,timber,forestry,logging,deforestation,asia,management,production
87e000d4892891ac6592c38b8751ddb706d59a980b2e3e12258eda66f4b0a7cc.PG39.PA6,78_mangrove_mangroves_coastal_forests,0.3581187687691959,78,0,0.0,mangrove,mangroves,coastal,forests,ecosystems,wetlands,restoration,marshes,in,salt
87e000d4892891ac6592c38b8751ddb706d59a980b2e3e12258eda66f4b0a7cc.PG42.PA4,13_forest_forests_wood_timber,0.9758121926195831,13,0,0.0,forest,forests,wood,timber,forestry,logging,deforestation,asia,management,production
87e000d4892891ac6592c38b8751ddb706d59a980b2e3e12258eda66f4b0a7cc.PG44.PA53,13_forest_forests_wood_timber,0.9278278254577255,13,0,0.0,forest,forests,wood,timber,forestry,logging,deforestation,asia,management,production
87e000d4892891ac6592c38b8751ddb706d59a980b2e3e12258eda66f4b0a7cc.PG45.PA1,4_fisheries_fishing_aquaculture_marine,1.0,4,0,0.0,fisheries,fishing,aquaculture,marine,fish,fishers,management,stocks,fishery,coastal
87e000d4892891ac6592c38b8751ddb706d59a980b2e3e12258eda66f4b0a7cc.PG45.PA3,3_water_groundwater_resources_irrigation,0.4125842370719053,3,0,0.0,water,groundwater,resources,irrigation,river,management,supply,freshwater,basin,hydropower
87e000d4892891ac6592c38b8751ddb706d59a980b2e3e12258eda66f4b0a7cc.PG46.PA4,3_water_groundwater_resources_irrigation,0.5526271669341798,3,0,0.0,water,groundwater,resources,irrigation,river,management,supply,freshwater,basin,hydropower
87e000d4892891ac6592c38b8751ddb706d59a980b2e3e12258eda66f4b0a7cc.PG48.PA5,49_species_extinction_threatened_red,0.7813221575965853,49,0,0.0,species,extinction,threatened,red,list,iucn,taxonomic,extinct,endangered,risk
87e000d4892891ac6592c38b8751ddb706d59a980b2e3e12258eda66f4b0a7cc.PG48.PA6,49_species_extinction_threatened_red,0.8568807740849302,49,0,0.0,species,extinction,threatened,red,list,iucn,taxonomic,extinct,endangered,risk
87e000d4892891ac6592c38b8751ddb706d59a980b2e3e12258eda66f4b0a7cc.PG49.PA2,49_species_extinction_threatened_red,0.7052619654517525,49,0,0.0,species,extinction,threatened,red,list,iucn,taxonomic,extinct,endangered,risk
87e000d4892891ac6592c38b8751ddb706d59a980b2e3e12258eda66f4b0a7cc.PG49.PA3,49_species_extinction_threatened_red,0.6883745381032162,49,0,0.0,species,extinction,threatened,red,list,iucn,taxonomic,extinct,endangered,risk
87e000d4892891ac6592c38b8751ddb706d59a980b2e3e12258eda66f4b0a7cc.PG52.PA8,4_fisheries_fishing_aquaculture_marine,1.0,4,0,0.0,fisheries,fishing,aquaculture,marine,fish,fishers,management,stocks,fishery,coastal
87e000d4892891ac6592c38b8751ddb706d59a980b2e3e12258eda66f4b0a7cc.PG53.PA10,3_water_groundwater_resources_irrigation,0.6413502400118202,3,0,0.0,water,groundwater,resources,irrigation,river,management,supply,freshwater,basin,hydropower
87e000d4892891ac6592c38b8751ddb706d59a980b2e3e12258eda66f4b0a7cc.PG53.PA12,39_carbon_co2_vegetation_net,0.7599550295319665,39,0,0.0,carbon,co2,vegetation,net,sink,emissions,biomass,atmospheric,forest,air
87e000d4892891ac6592c38b8751ddb706d59a980b2e3e12258eda66f4b0a7cc.PG53.PA15,3_water_groundwater_resources_irrigation,0.4718232139227826,3,0,0.0,water,groundwater,resources,irrigation,river,management,supply,freshwater,basin,hydropower
87e000d4892891ac6592c38b8751ddb706d59a980b2e3e12258eda66f4b0a7cc.PG53.PA16,72_soil_erosion_tillage_soils,1.0,72,0,0.0,soil,erosion,tillage,soils,organic,degradation,matter,land,microbial,biota
87e000d4892891ac6592c38b8751ddb706d59a980b2e3e12258eda66f4b0a7cc.PG53.PA18,14_wildlife_disease_trade_diseases,0.7658669949951512,14,0,0.0,wildlife,disease,trade,diseases,animal,animals,zoonosis,pathogens,infectious,human
87e000d4892891ac6592c38b8751ddb706d59a980b2e3e12258eda66f4b0a7cc.PG53.PA25,18_indigenous_knowledge_local_peoples,1.0,18,0,0.0,indigenous,knowledge,local,peoples,traditional,ilk,cultural,communities,sacred,nature
87e000d4892891ac6592c38b8751ddb706d59a980b2e3e12258eda66f4b0a7cc.PG53.PA35,72_soil_erosion_tillage_soils,1.0,72,0,0.0,soil,erosion,tillage,soils,organic,degradation,matter,land,microbial,biota
87e000d4892891ac6592c38b8751ddb706d59a980b2e3e12258eda66f4b0a7cc.PG54.PA8,4_fisheries_fishing_aquaculture_marine,1.0,4,0,0.0,fisheries,fishing,aquaculture,marine,fish,fishers,management,stocks,fishery,coastal
87e000d4892891ac6592c38b8751ddb706d59a980b2e3e12258eda66f4b0a7cc.PG54.PA9,4_fisheries_fishing_aquaculture_marine,0.9970138705626586,4,0,0.0,fisheries,fishing,aquaculture,marine,fish,fishers,management,stocks,fishery,coastal
87e000d4892891ac6592c38b8751ddb706d59a980b2e3e12258eda66f4b0a7cc.PG54.PA11,13_forest_forests_wood_timber,0.7624351820728771,13,0,0.0,forest,forests,wood,timber,forestry,logging,deforestation,asia,management,production
87e000d4892891ac6592c38b8751ddb706d59a980b2e3e12258eda66f4b0a7cc.PG54.PA13,13_forest_forests_wood_timber,0.8485801220704616,13,0,0.0,forest,forests,wood,timber,forestry,logging,deforestation,asia,management,production
87e000d4892891ac6592c38b8751ddb706d59a980b2e3e12258eda66f4b0a7cc.PG55.PA5,3_water_groundwater_resources_irrigation,0.6413502400118202,3,0,0.0,water,groundwater,resources,irrigation,river,management,supply,freshwater,basin,hydropower
87e000d4892891ac6592c38b8751ddb706d59a980b2e3e12258eda66f4b0a7cc.PG55.PA7,39_carbon_co2_vegetation_net,0.7599550295319665,39,0,0.0,carbon,co2,vegetation,net,sink,emissions,biomass,atmospheric,forest,air
87e000d4892891ac6592c38b8751ddb706d59a980b2e3e12258eda66f4b0a7cc.PG55.PA10,3_water_groundwater_resources_irrigation,0.45906062919085855,3,0,0.0,water,groundwater,resources,irrigation,river,management,supply,freshwater,basin,hydropower
87e000d4892891ac6592c38b8751ddb706d59a980b2e3e12258eda66f4b0a7cc.PG56.PA4,72_soil_erosion_tillage_soils,1.0,72,0,0.0,soil,erosion,tillage,soils,organic,degradation,matter,land,microbial,biota
87e000d4892891ac6592c38b8751ddb706d59a980b2e3e12258eda66f4b0a7cc.PG56.PA6,14_wildlife_disease_trade_diseases,0.7834078242280896,14,0,0.0,wildlife,disease,trade,diseases,animal,animals,zoonosis,pathogens,infectious,human
87e000d4892891ac6592c38b8751ddb706d59a980b2e3e12258eda66f4b0a7cc.PG56.PA9,31_disaster_risk_disasters_hazards,0.8592756179272217,31,0,0.0,disaster,risk,disasters,hazards,vulnerability,events,floods,risks,natural,hazard
87e000d4892891ac6592c38b8751ddb706d59a980b2e3e12258eda66f4b0a7cc.PG57.PA5,18_indigenous_knowledge_local_peoples,0.6453773912106103,18,0,0.0,indigenous,knowledge,local,peoples,traditional,ilk,cultural,communities,sacred,nature
87e000d4892891ac6592c38b8751ddb706d59a980b2e3e12258eda66f4b0a7cc.PG57.PA17,39_carbon_co2_vegetation_net,0.8348738503083655,39,0,0.0,carbon,co2,vegetation,net,sink,emissions,biomass,atmospheric,forest,air
87e000d4892891ac6592c38b8751ddb706d59a980b2e3e12258eda66f4b0a7cc.PG59.PA4,4_fisheries_fishing_aquaculture_marine,1.0,4,0,0.0,fisheries,fishing,aquaculture,marine,fish,fishers,management,stocks,fishery,coastal
87e000d4892891ac6592c38b8751ddb706d59a980b2e3e12258eda66f4b0a7cc.PG59.PA5,13_forest_forests_wood_timber,0.9127482526934785,13,0,0.0,forest,forests,wood,timber,forestry,logging,deforestation,asia,management,production
87e000d4892891ac6592c38b8751ddb706d59a980b2e3e12258eda66f4b0a7cc.PG61.PA69,4_fisheries_fishing_aquaculture_marine,1.0,4,0,0.0,fisheries,fishing,aquaculture,marine,fish,fishers,management,stocks,fishery,coastal
87e000d4892891ac6592c38b8751ddb706d59a980b2e3e12258eda66f4b0a7cc.PG61.PA70,3_water_groundwater_resources_irrigation,0.4081150289721002,3,0,0.0,water,groundwater,resources,irrigation,river,management,supply,freshwater,basin,hydropower
87e000d4892891ac6592c38b8751ddb706d59a980b2e3e12258eda66f4b0a7cc.PG61.PA72,66_wetlands_wetland_ramsar_water,0.7346498342449386,66,0,0.0,wetlands,wetland,ramsar,water,convention,pollution,loss,wise,freshwater,in
87e000d4892891ac6592c38b8751ddb706d59a980b2e3e12258eda66f4b0a7cc.PG64.PA11,14_wildlife_disease_trade_diseases,0.9441275921535939,14,0,0.0,wildlife,disease,trade,diseases,animal,animals,zoonosis,pathogens,infectious,human
87e000d4892891ac6592c38b8751ddb706d59a980b2e3e12258eda66f4b0a7cc.PG65.PA14,12_sanitation_basic_schools_coverage,0.8935582996860288,12,0,0.0,sanitation,basic,schools,coverage,drinking,hygiene,safely,water,services,facilities
87e000d4892891ac6592c38b8751ddb706d59a980b2e3e12258eda66f4b0a7cc.PG66.PA16,12_sanitation_basic_schools_coverage,0.7960319968656698,12,0,0.0,sanitation,basic,schools,coverage,drinking,hygiene,safely,water,services,facilities
87e000d4892891ac6592c38b8751ddb706d59a980b2e3e12258eda66f4b0a7cc.PG67.PA5,31_disaster_risk_disasters_hazards,0.6901256185867589,31,0,0.0,disaster,risk,disasters,hazards,vulnerability,events,floods,risks,natural,hazard
87e000d4892891ac6592c38b8751ddb706d59a980b2e3e12258eda66f4b0a7cc.PG67.PA6,31_disaster_risk_disasters_hazards,0.4685107281505284,31,0,0.0,disaster,risk,disasters,hazards,vulnerability,events,floods,risks,natural,hazard
87e000d4892891ac6592c38b8751ddb706d59a980b2e3e12258eda66f4b0a7cc.PG67.PA10,2_gender_women_gbv_violence,0.9540855621414135,2,0,0.0,gender,women,gbv,violence,womens,men,rights,and,equality,their
87e000d4892891ac6592c38b8751ddb706d59a980b2e3e12258eda66f4b0a7cc.PG71.PA1,36_invasive_alien_species_native,0.29587547225524546,36,0,0.0,invasive,alien,species,native,invasion,invasions,ias,introduction,control,islands
87e000d4892891ac6592c38b8751ddb706d59a980b2e3e12258eda66f4b0a7cc.PG71.PA8,4_fisheries_fishing_aquaculture_marine,1.0,4,0,0.0,fisheries,fishing,aquaculture,marine,fish,fishers,management,stocks,fishery,coastal
87e000d4892891ac6592c38b8751ddb706d59a980b2e3e12258eda66f4b0a7cc.PG72.PA9,4_fisheries_fishing_aquaculture_marine,1.0,4,0,0.0,fisheries,fishing,aquaculture,marine,fish,fishers,management,stocks,fishery,coastal
87e000d4892891ac6592c38b8751ddb706d59a980b2e3e12258eda66f4b0a7cc.PG72.PA11,13_forest_forests_wood_timber,0.8827417005636096,13,0,0.0,forest,forests,wood,timber,forestry,logging,deforestation,asia,management,production
87e000d4892891ac6592c38b8751ddb706d59a980b2e3e12258eda66f4b0a7cc.PG73.PA2,3_water_groundwater_resources_irrigation,0.5029005465286017,3,0,0.0,water,groundwater,resources,irrigation,river,management,supply,freshwater,basin,hydropower
87e000d4892891ac6592c38b8751ddb706d59a980b2e3e12258eda66f4b0a7cc.PG75.PA14,4_fisheries_fishing_aquaculture_marine,1.0,4,0,0.0,fisheries,fishing,aquaculture,marine,fish,fishers,management,stocks,fishery,coastal
87e000d4892891ac6592c38b8751ddb706d59a980b2e3e12258eda66f4b0a7cc.PG76.PA1,4_fisheries_fishing_aquaculture_marine,1.0,4,0,0.0,fisheries,fishing,aquaculture,marine,fish,fishers,management,stocks,fishery,coastal
87e000d4892891ac6592c38b8751ddb706d59a980b2e3e12258eda66f4b0a7cc.PG80.PA8,4_fisheries_fishing_aquaculture_marine,1.0,4,0,0.0,fisheries,fishing,aquaculture,marine,fish,fishers,management,stocks,fishery,coastal
87e000d4892891ac6592c38b8751ddb706d59a980b2e3e12258eda66f4b0a7cc.PG80.PA9,66_wetlands_wetland_ramsar_water,0.6933217282314389,66,0,0.0,wetlands,wetland,ramsar,water,convention,pollution,loss,wise,freshwater,in
87e000d4892891ac6592c38b8751ddb706d59a980b2e3e12258eda66f4b0a7cc.PG83.PA3,93_coral_reefs_reef_bleaching,0.5424097094456753,93,0,0.0,coral,reefs,reef,bleaching,corals,caribbean,coastal,marine,acidification,ecosystems
87e000d4892891ac6592c38b8751ddb706d59a980b2e3e12258eda66f4b0a7cc.PG86.PA8,20_agriculture_farming_sustainable_agricultural,0.826238618385565,20,0,0.0,agriculture,farming,sustainable,agricultural,intensification,practices,farmers,see,food,production
87e000d4892891ac6592c38b8751ddb706d59a980b2e3e12258eda66f4b0a7cc.PG90.PA5,7_place_transport_cities_productivity,0.5822481464689834,7,0,0.0,place,transport,cities,productivity,agglomeration,economic,costs,policies,lagging,policy
87e000d4892891ac6592c38b8751ddb706d59a980b2e3e12258eda66f4b0a7cc.PG91.PA24,7_place_transport_cities_productivity,0.5960819938083364,7,0,0.0,place,transport,cities,productivity,agglomeration,economic,costs,policies,lagging,policy
87e000d4892891ac6592c38b8751ddb706d59a980b2e3e12258eda66f4b0a7cc.PG94.PA1,3_water_groundwater_resources_irrigation,0.6413502400118202,3,0,0.0,water,groundwater,resources,irrigation,river,management,supply,freshwater,basin,hydropower
87e000d4892891ac6592c38b8751ddb706d59a980b2e3e12258eda66f4b0a7cc.PG94.PA6,39_carbon_co2_vegetation_net,0.8344848330177825,39,0,0.0,carbon,co2,vegetation,net,sink,emissions,biomass,atmospheric,forest,air
87e000d4892891ac6592c38b8751ddb706d59a980b2e3e12258eda66f4b0a7cc.PG95.PA2,11_covid_19_pandemic_hiv,0.6105238438142171,11,0,0.0,covid,19,pandemic,hiv,health,adolescents,children,immunization,ewec,2020
87e000d4892891ac6592c38b8751ddb706d59a980b2e3e12258eda66f4b0a7cc.PG95.PA3,14_wildlife_disease_trade_diseases,0.8133123625158988,14,0,0.0,wildlife,disease,trade,diseases,animal,animals,zoonosis,pathogens,infectious,human
87e000d4892891ac6592c38b8751ddb706d59a980b2e3e12258eda66f4b0a7cc.PG98.PA1,13_forest_forests_wood_timber,0.7870901371297317,13,0,0.0,forest,forests,wood,timber,forestry,logging,deforestation,asia,management,production
87e000d4892891ac6592c38b8751ddb706d59a980b2e3e12258eda66f4b0a7cc.PG103.PA1,4_fisheries_fishing_aquaculture_marine,1.0,4,0,0.0,fisheries,fishing,aquaculture,marine,fish,fishers,management,stocks,fishery,coastal
87e000d4892891ac6592c38b8751ddb706d59a980b2e3e12258eda66f4b0a7cc.PG104.PA7,14_wildlife_disease_trade_diseases,0.2819825103855484,14,0,0.0,wildlife,disease,trade,diseases,animal,animals,zoonosis,pathogens,infectious,human
87e000d4892891ac6592c38b8751ddb706d59a980b2e3e12258eda66f4b0a7cc.PG104.PA9,4_fisheries_fishing_aquaculture_marine,1.0,4,0,0.0,fisheries,fishing,aquaculture,marine,fish,fishers,management,stocks,fishery,coastal
87e000d4892891ac6592c38b8751ddb706d59a980b2e3e12258eda66f4b0a7cc.PG108.PA7,4_fisheries_fishing_aquaculture_marine,1.0,4,0,0.0,fisheries,fishing,aquaculture,marine,fish,fishers,management,stocks,fishery,coastal
87e000d4892891ac6592c38b8751ddb706d59a980b2e3e12258eda66f4b0a7cc.PG112.PA12,10_scenarios_decision_policy_scenario,0.6859638539427607,10,0,0.0,scenarios,decision,policy,scenario,models,futures,exploratory,making,archetypes,options
87e000d4892891ac6592c38b8751ddb706d59a980b2e3e12258eda66f4b0a7cc.PG112.PA22,10_scenarios_decision_policy_scenario,0.6766186080913831,10,0,0.0,scenarios,decision,policy,scenario,models,futures,exploratory,making,archetypes,options
87e000d4892891ac6592c38b8751ddb706d59a980b2e3e12258eda66f4b0a7cc.PG113.PA3,10_scenarios_decision_policy_scenario,1.0,10,0,0.0,scenarios,decision,policy,scenario,models,futures,exploratory,making,archetypes,options
87e000d4892891ac6592c38b8751ddb706d59a980b2e3e12258eda66f4b0a7cc.PG113.PA4,10_scenarios_decision_policy_scenario,0.9155231499319739,10,0,0.0,scenarios,decision,policy,scenario,models,futures,exploratory,making,archetypes,options
87e000d4892891ac6592c38b8751ddb706d59a980b2e3e12258eda66f4b0a7cc.PG114.PA4,26_degradation_land_restoration_degraded,0.7240094687330924,26,0,0.0,degradation,land,restoration,degraded,assessment,ecosystem,responses,and,of,neutrality
87e000d4892891ac6592c38b8751ddb706d59a980b2e3e12258eda66f4b0a7cc.PG117.PA3,1_food_diet_healthy_diets,1.0,1,0,0.0,food,diet,healthy,diets,foods,cost,insecurity,nutrition,dietary,income
87e000d4892891ac6592c38b8751ddb706d59a980b2e3e12258eda66f4b0a7cc.PG118.PA1,4_fisheries_fishing_aquaculture_marine,1.0,4,0,0.0,fisheries,fishing,aquaculture,marine,fish,fishers,management,stocks,fishery,coastal
87e000d4892891ac6592c38b8751ddb706d59a980b2e3e12258eda66f4b0a7cc.PG118.PA7,4_fisheries_fishing_aquaculture_marine,1.0,4,0,0.0,fisheries,fishing,aquaculture,marine,fish,fishers,management,stocks,fishery,coastal
87e000d4892891ac6592c38b8751ddb706d59a980b2e3e12258eda66f4b0a7cc.PG118.PA13,133_grazing_pasture_livestock_pastoral,1.0,133,0,0.0,grazing,pasture,livestock,pastoral,rangelands,grasslands,rangeland,pastures,land,lands
87e000d4892891ac6592c38b8751ddb706d59a980b2e3e12258eda66f4b0a7cc.PG119.PA2,3_water_groundwater_resources_irrigation,0.5950545143216963,3,0,0.0,water,groundwater,resources,irrigation,river,management,supply,freshwater,basin,hydropower
87e000d4892891ac6592c38b8751ddb706d59a980b2e3e12258eda66f4b0a7cc.PG119.PA4,3_water_groundwater_resources_irrigation,0.5713671278814565,3,0,0.0,water,groundwater,resources,irrigation,river,management,supply,freshwater,basin,hydropower
87e000d4892891ac6592c38b8751ddb706d59a980b2e3e12258eda66f4b0a7cc.PG119.PA9,3_water_groundwater_resources_irrigation,0.6065528618480561,3,0,0.0,water,groundwater,resources,irrigation,river,management,supply,freshwater,basin,hydropower
87e000d4892891ac6592c38b8751ddb706d59a980b2e3e12258eda66f4b0a7cc.PG120.PA1,3_water_groundwater_resources_irrigation,0.5932429367557672,3,0,0.0,water,groundwater,resources,irrigation,river,management,supply,freshwater,basin,hydropower
87e000d4892891ac6592c38b8751ddb706d59a980b2e3e12258eda66f4b0a7cc.PG120.PA3,3_water_groundwater_resources_irrigation,0.627848132250243,3,0,0.0,water,groundwater,resources,irrigation,river,management,supply,freshwater,basin,hydropower
87e000d4892891ac6592c38b8751ddb706d59a980b2e3e12258eda66f4b0a7cc.PG120.PA5,3_water_groundwater_resources_irrigation,0.6413502400118202,3,0,0.0,water,groundwater,resources,irrigation,river,management,supply,freshwater,basin,hydropower
87e000d4892891ac6592c38b8751ddb706d59a980b2e3e12258eda66f4b0a7cc.PG121.PA3,13_forest_forests_wood_timber,0.8326367711018046,13,0,0.0,forest,forests,wood,timber,forestry,logging,deforestation,asia,management,production
87e000d4892891ac6592c38b8751ddb706d59a980b2e3e12258eda66f4b0a7cc.PG121.PA5,13_forest_forests_wood_timber,0.9114565432618359,13,0,0.0,forest,forests,wood,timber,forestry,logging,deforestation,asia,management,production
87e000d4892891ac6592c38b8751ddb706d59a980b2e3e12258eda66f4b0a7cc.PG121.PA11,13_forest_forests_wood_timber,0.7482242365091949,13,0,0.0,forest,forests,wood,timber,forestry,logging,deforestation,asia,management,production
87e000d4892891ac6592c38b8751ddb706d59a980b2e3e12258eda66f4b0a7cc.PG124.PA2,39_carbon_co2_vegetation_net,0.7599550295319665,39,0,0.0,carbon,co2,vegetation,net,sink,emissions,biomass,atmospheric,forest,air
87e000d4892891ac6592c38b8751ddb706d59a980b2e3e12258eda66f4b0a7cc.PG124.PA4,39_carbon_co2_vegetation_net,0.7599550295319665,39,0,0.0,carbon,co2,vegetation,net,sink,emissions,biomass,atmospheric,forest,air
87e000d4892891ac6592c38b8751ddb706d59a980b2e3e12258eda66f4b0a7cc.PG126.PA9,39_carbon_co2_vegetation_net,0.8912249223951515,39,0,0.0,carbon,co2,vegetation,net,sink,emissions,biomass,atmospheric,forest,air
87e000d4892891ac6592c38b8751ddb706d59a980b2e3e12258eda66f4b0a7cc.PG127.PA2,14_wildlife_disease_trade_diseases,0.6774726188203474,14,0,0.0,wildlife,disease,trade,diseases,animal,animals,zoonosis,pathogens,infectious,human
87e000d4892891ac6592c38b8751ddb706d59a980b2e3e12258eda66f4b0a7cc.PG127.PA4,14_wildlife_disease_trade_diseases,0.7885254532492659,14,0,0.0,wildlife,disease,trade,diseases,animal,animals,zoonosis,pathogens,infectious,human
87e000d4892891ac6592c38b8751ddb706d59a980b2e3e12258eda66f4b0a7cc.PG127.PA15,14_wildlife_disease_trade_diseases,0.48264267008729494,14,0,0.0,wildlife,disease,trade,diseases,animal,animals,zoonosis,pathogens,infectious,human
87e000d4892891ac6592c38b8751ddb706d59a980b2e3e12258eda66f4b0a7cc.PG128.PA8,14_wildlife_disease_trade_diseases,0.7017847475722954,14,0,0.0,wildlife,disease,trade,diseases,animal,animals,zoonosis,pathogens,infectious,human
87e000d4892891ac6592c38b8751ddb706d59a980b2e3e12258eda66f4b0a7cc.PG128.PA9,14_wildlife_disease_trade_diseases,0.8404697062957823,14,0,0.0,wildlife,disease,trade,diseases,animal,animals,zoonosis,pathogens,infectious,human
87e000d4892891ac6592c38b8751ddb706d59a980b2e3e12258eda66f4b0a7cc.PG128.PA20,3_water_groundwater_resources_irrigation,0.3971688118641636,3,0,0.0,water,groundwater,resources,irrigation,river,management,supply,freshwater,basin,hydropower
87e000d4892891ac6592c38b8751ddb706d59a980b2e3e12258eda66f4b0a7cc.PG129.PA15,14_wildlife_disease_trade_diseases,0.9296538720499895,14,0,0.0,wildlife,disease,trade,diseases,animal,animals,zoonosis,pathogens,infectious,human
87e000d4892891ac6592c38b8751ddb706d59a980b2e3e12258eda66f4b0a7cc.PG131.PA4,31_disaster_risk_disasters_hazards,0.45753400814564915,31,0,0.0,disaster,risk,disasters,hazards,vulnerability,events,floods,risks,natural,hazard
87e000d4892891ac6592c38b8751ddb706d59a980b2e3e12258eda66f4b0a7cc.PG138.PA31,1_food_diet_healthy_diets,1.0,1,0,0.0,food,diet,healthy,diets,foods,cost,insecurity,nutrition,dietary,income
87e000d4892891ac6592c38b8751ddb706d59a980b2e3e12258eda66f4b0a7cc.PG138.PA32,1_food_diet_healthy_diets,1.0,1,0,0.0,food,diet,healthy,diets,foods,cost,insecurity,nutrition,dietary,income
87e000d4892891ac6592c38b8751ddb706d59a980b2e3e12258eda66f4b0a7cc.PG138.PA34,20_agriculture_farming_sustainable_agricultural,1.0,20,0,0.0,agriculture,farming,sustainable,agricultural,intensification,practices,farmers,see,food,production
87e000d4892891ac6592c38b8751ddb706d59a980b2e3e12258eda66f4b0a7cc.PG138.PA35,3_water_groundwater_resources_irrigation,0.7012831540734098,3,0,0.0,water,groundwater,resources,irrigation,river,management,supply,freshwater,basin,hydropower
87e000d4892891ac6592c38b8751ddb706d59a980b2e3e12258eda66f4b0a7cc.PG138.PA36,4_fisheries_fishing_aquaculture_marine,1.0,4,0,0.0,fisheries,fishing,aquaculture,marine,fish,fishers,management,stocks,fishery,coastal
87e000d4892891ac6592c38b8751ddb706d59a980b2e3e12258eda66f4b0a7cc.PG138.PA38,2_gender_women_gbv_violence,0.9518228016860205,2,0,0.0,gender,women,gbv,violence,womens,men,rights,and,equality,their
87e000d4892891ac6592c38b8751ddb706d59a980b2e3e12258eda66f4b0a7cc.PG138.PA40,3_water_groundwater_resources_irrigation,0.4853719292323448,3,0,0.0,water,groundwater,resources,irrigation,river,management,supply,freshwater,basin,hydropower
87e000d4892891ac6592c38b8751ddb706d59a980b2e3e12258eda66f4b0a7cc.PG139.PA32,3_water_groundwater_resources_irrigation,0.6586236542573326,3,0,0.0,water,groundwater,resources,irrigation,river,management,supply,freshwater,basin,hydropower
87e000d4892891ac6592c38b8751ddb706d59a980b2e3e12258eda66f4b0a7cc.PG139.PA34,3_water_groundwater_resources_irrigation,1.0,3,0,0.0,water,groundwater,resources,irrigation,river,management,supply,freshwater,basin,hydropower
87e000d4892891ac6592c38b8751ddb706d59a980b2e3e12258eda66f4b0a7cc.PG139.PA37,3_water_groundwater_resources_irrigation,0.8178737434106885,3,0,0.0,water,groundwater,resources,irrigation,river,management,supply,freshwater,basin,hydropower
87e000d4892891ac6592c38b8751ddb706d59a980b2e3e12258eda66f4b0a7cc.PG139.PA40,3_water_groundwater_resources_irrigation,0.7976264916750574,3,0,0.0,water,groundwater,resources,irrigation,river,management,supply,freshwater,basin,hydropower
87e000d4892891ac6592c38b8751ddb706d59a980b2e3e12258eda66f4b0a7cc.PG139.PA42,3_water_groundwater_resources_irrigation,0.4898020255088576,3,0,0.0,water,groundwater,resources,irrigation,river,management,supply,freshwater,basin,hydropower
87e000d4892891ac6592c38b8751ddb706d59a980b2e3e12258eda66f4b0a7cc.PG139.PA43,66_wetlands_wetland_ramsar_water,0.9639914567077116,66,0,0.0,wetlands,wetland,ramsar,water,convention,pollution,loss,wise,freshwater,in
87e000d4892891ac6592c38b8751ddb706d59a980b2e3e12258eda66f4b0a7cc.PG140.PA32,13_forest_forests_wood_timber,1.0,13,0,0.0,forest,forests,wood,timber,forestry,logging,deforestation,asia,management,production
87e000d4892891ac6592c38b8751ddb706d59a980b2e3e12258eda66f4b0a7cc.PG140.PA34,13_forest_forests_wood_timber,1.0,13,0,0.0,forest,forests,wood,timber,forestry,logging,deforestation,asia,management,production
87e000d4892891ac6592c38b8751ddb706d59a980b2e3e12258eda66f4b0a7cc.PG140.PA35,13_forest_forests_wood_timber,1.0,13,0,0.0,forest,forests,wood,timber,forestry,logging,deforestation,asia,management,production
87e000d4892891ac6592c38b8751ddb706d59a980b2e3e12258eda66f4b0a7cc.PG140.PA38,13_forest_forests_wood_timber,0.7635581368984852,13,0,0.0,forest,forests,wood,timber,forestry,logging,deforestation,asia,management,production
87e000d4892891ac6592c38b8751ddb706d59a980b2e3e12258eda66f4b0a7cc.PG140.PA40,13_forest_forests_wood_timber,1.0,13,0,0.0,forest,forests,wood,timber,forestry,logging,deforestation,asia,management,production
87e000d4892891ac6592c38b8751ddb706d59a980b2e3e12258eda66f4b0a7cc.PG140.PA41,13_forest_forests_wood_timber,0.7078178951284623,13,0,0.0,forest,forests,wood,timber,forestry,logging,deforestation,asia,management,production
87e000d4892891ac6592c38b8751ddb706d59a980b2e3e12258eda66f4b0a7cc.PG140.PA43,13_forest_forests_wood_timber,1.0,13,0,0.0,forest,forests,wood,timber,forestry,logging,deforestation,asia,management,production
87e000d4892891ac6592c38b8751ddb706d59a980b2e3e12258eda66f4b0a7cc.PG140.PA45,13_forest_forests_wood_timber,0.8917773409788672,13,0,0.0,forest,forests,wood,timber,forestry,logging,deforestation,asia,management,production
87e000d4892891ac6592c38b8751ddb706d59a980b2e3e12258eda66f4b0a7cc.PG140.PA47,13_forest_forests_wood_timber,0.8687536843478313,13,0,0.0,forest,forests,wood,timber,forestry,logging,deforestation,asia,management,production
87e000d4892891ac6592c38b8751ddb706d59a980b2e3e12258eda66f4b0a7cc.PG141.PA35,13_forest_forests_wood_timber,1.0,13,0,0.0,forest,forests,wood,timber,forestry,logging,deforestation,asia,management,production
87e000d4892891ac6592c38b8751ddb706d59a980b2e3e12258eda66f4b0a7cc.PG141.PA39,13_forest_forests_wood_timber,0.8948463387064511,13,0,0.0,forest,forests,wood,timber,forestry,logging,deforestation,asia,management,production
87e000d4892891ac6592c38b8751ddb706d59a980b2e3e12258eda66f4b0a7cc.PG141.PA50,31_disaster_risk_disasters_hazards,0.6867242385697826,31,0,0.0,disaster,risk,disasters,hazards,vulnerability,events,floods,risks,natural,hazard
87e000d4892891ac6592c38b8751ddb706d59a980b2e3e12258eda66f4b0a7cc.PG142.PA4,31_disaster_risk_disasters_hazards,0.8333238119967873,31,0,0.0,disaster,risk,disasters,hazards,vulnerability,events,floods,risks,natural,hazard
87e000d4892891ac6592c38b8751ddb706d59a980b2e3e12258eda66f4b0a7cc.PG142.PA5,31_disaster_risk_disasters_hazards,0.7001541230648036,31,0,0.0,disaster,risk,disasters,hazards,vulnerability,events,floods,risks,natural,hazard
87e000d4892891ac6592c38b8751ddb706d59a980b2e3e12258eda66f4b0a7cc.PG142.PA15,14_wildlife_disease_trade_diseases,0.5843633691399136,14,0,0.0,wildlife,disease,trade,diseases,animal,animals,zoonosis,pathogens,infectious,human
87e000d4892891ac6592c38b8751ddb706d59a980b2e3e12258eda66f4b0a7cc.PG142.PA16,14_wildlife_disease_trade_diseases,0.647328226631397,14,0,0.0,wildlife,disease,trade,diseases,animal,animals,zoonosis,pathogens,infectious,human
87e000d4892891ac6592c38b8751ddb706d59a980b2e3e12258eda66f4b0a7cc.PG143.PA35,18_indigenous_knowledge_local_peoples,0.6527920972017301,18,0,0.0,indigenous,knowledge,local,peoples,traditional,ilk,cultural,communities,sacred,nature
87e000d4892891ac6592c38b8751ddb706d59a980b2e3e12258eda66f4b0a7cc.PG143.PA37,18_indigenous_knowledge_local_peoples,0.541092178381917,18,0,0.0,indigenous,knowledge,local,peoples,traditional,ilk,cultural,communities,sacred,nature
87e000d4892891ac6592c38b8751ddb706d59a980b2e3e12258eda66f4b0a7cc.PG143.PA38,18_indigenous_knowledge_local_peoples,1.0,18,0,0.0,indigenous,knowledge,local,peoples,traditional,ilk,cultural,communities,sacred,nature
87e000d4892891ac6592c38b8751ddb706d59a980b2e3e12258eda66f4b0a7cc.PG143.PA40,18_indigenous_knowledge_local_peoples,0.813283134862902,18,0,0.0,indigenous,knowledge,local,peoples,traditional,ilk,cultural,communities,sacred,nature
87e000d4892891ac6592c38b8751ddb706d59a980b2e3e12258eda66f4b0a7cc.PG149.PA8,36_invasive_alien_species_native,0.9120675109170249,36,0,0.0,invasive,alien,species,native,invasion,invasions,ias,introduction,control,islands
1ba0763ee7972e4bc48a84888aa9aeaac4a520d54a4ff0f4a862fd84943d3d04.PG12.PA15,49_species_extinction_threatened_red,0.7043107416172087,49,0,0.0,species,extinction,threatened,red,list,iucn,taxonomic,extinct,endangered,risk
1ba0763ee7972e4bc48a84888aa9aeaac4a520d54a4ff0f4a862fd84943d3d04.PG13.PA7,49_species_extinction_threatened_red,0.875661988165717,49,0,0.0,species,extinction,threatened,red,list,iucn,taxonomic,extinct,endangered,risk
1ba0763ee7972e4bc48a84888aa9aeaac4a520d54a4ff0f4a862fd84943d3d04.PG15.PA9,36_invasive_alien_species_native,1.0,36,0,0.0,invasive,alien,species,native,invasion,invasions,ias,introduction,control,islands
1ba0763ee7972e4bc48a84888aa9aeaac4a520d54a4ff0f4a862fd84943d3d04.PG22.PA3,20_agriculture_farming_sustainable_agricultural,0.5987674439788575,20,0,0.0,agriculture,farming,sustainable,agricultural,intensification,practices,farmers,see,food,production
1ba0763ee7972e4bc48a84888aa9aeaac4a520d54a4ff0f4a862fd84943d3d04.PG30.PA6,49_species_extinction_threatened_red,0.6762358766167375,49,0,0.0,species,extinction,threatened,red,list,iucn,taxonomic,extinct,endangered,risk
1ba0763ee7972e4bc48a84888aa9aeaac4a520d54a4ff0f4a862fd84943d3d04.PG31.PA4,36_invasive_alien_species_native,0.27960449533649756,36,0,0.0,invasive,alien,species,native,invasion,invasions,ias,introduction,control,islands
1ba0763ee7972e4bc48a84888aa9aeaac4a520d54a4ff0f4a862fd84943d3d04.PG31.PA8,49_species_extinction_threatened_red,1.0,49,0,0.0,species,extinction,threatened,red,list,iucn,taxonomic,extinct,endangered,risk
1ba0763ee7972e4bc48a84888aa9aeaac4a520d54a4ff0f4a862fd84943d3d04.PG34.PA4,93_coral_reefs_reef_bleaching,0.9915732282820037,93,0,0.0,coral,reefs,reef,bleaching,corals,caribbean,coastal,marine,acidification,ecosystems
1ba0763ee7972e4bc48a84888aa9aeaac4a520d54a4ff0f4a862fd84943d3d04.PG34.PA11,36_invasive_alien_species_native,0.9994662852058039,36,0,0.0,invasive,alien,species,native,invasion,invasions,ias,introduction,control,islands
1ba0763ee7972e4bc48a84888aa9aeaac4a520d54a4ff0f4a862fd84943d3d04.PG35.PA6,14_wildlife_disease_trade_diseases,0.36880043341333,14,0,0.0,wildlife,disease,trade,diseases,animal,animals,zoonosis,pathogens,infectious,human
1ba0763ee7972e4bc48a84888aa9aeaac4a520d54a4ff0f4a862fd84943d3d04.PG35.PA7,36_invasive_alien_species_native,0.2525580997325663,36,0,0.0,invasive,alien,species,native,invasion,invasions,ias,introduction,control,islands
1ba0763ee7972e4bc48a84888aa9aeaac4a520d54a4ff0f4a862fd84943d3d04.PG35.PA12,4_fisheries_fishing_aquaculture_marine,1.0,4,0,0.0,fisheries,fishing,aquaculture,marine,fish,fishers,management,stocks,fishery,coastal
1ba0763ee7972e4bc48a84888aa9aeaac4a520d54a4ff0f4a862fd84943d3d04.PG35.PA18,36_invasive_alien_species_native,0.8291897402922603,36,0,0.0,invasive,alien,species,native,invasion,invasions,ias,introduction,control,islands
1ba0763ee7972e4bc48a84888aa9aeaac4a520d54a4ff0f4a862fd84943d3d04.PG36.PA3,76_fire_fires_burned_forest,0.5433869833102628,76,0,0.0,fire,fires,burned,forest,wildfires,forests,boreal,burning,regimes,haze
1ba0763ee7972e4bc48a84888aa9aeaac4a520d54a4ff0f4a862fd84943d3d04.PG36.PA8,72_soil_erosion_tillage_soils,0.9008454047977721,72,0,0.0,soil,erosion,tillage,soils,organic,degradation,matter,land,microbial,biota
1ba0763ee7972e4bc48a84888aa9aeaac4a520d54a4ff0f4a862fd84943d3d04.PG36.PA13,93_coral_reefs_reef_bleaching,1.0,93,0,0.0,coral,reefs,reef,bleaching,corals,caribbean,coastal,marine,acidification,ecosystems
1ba0763ee7972e4bc48a84888aa9aeaac4a520d54a4ff0f4a862fd84943d3d04.PG36.PA15,133_grazing_pasture_livestock_pastoral,1.0,133,0,0.0,grazing,pasture,livestock,pastoral,rangelands,grasslands,rangeland,pastures,land,lands
1ba0763ee7972e4bc48a84888aa9aeaac4a520d54a4ff0f4a862fd84943d3d04.PG36.PA16,93_coral_reefs_reef_bleaching,1.0,93,0,0.0,coral,reefs,reef,bleaching,corals,caribbean,coastal,marine,acidification,ecosystems
1ba0763ee7972e4bc48a84888aa9aeaac4a520d54a4ff0f4a862fd84943d3d04.PG38.PA5,39_carbon_co2_vegetation_net,0.8059509204151175,39,0,0.0,carbon,co2,vegetation,net,sink,emissions,biomass,atmospheric,forest,air
1ba0763ee7972e4bc48a84888aa9aeaac4a520d54a4ff0f4a862fd84943d3d04.PG38.PA6,39_carbon_co2_vegetation_net,0.9323586397953167,39,0,0.0,carbon,co2,vegetation,net,sink,emissions,biomass,atmospheric,forest,air
1ba0763ee7972e4bc48a84888aa9aeaac4a520d54a4ff0f4a862fd84943d3d04.PG39.PA8,31_disaster_risk_disasters_hazards,0.8592756179272217,31,0,0.0,disaster,risk,disasters,hazards,vulnerability,events,floods,risks,natural,hazard
1ba0763ee7972e4bc48a84888aa9aeaac4a520d54a4ff0f4a862fd84943d3d04.PG40.PA3,14_wildlife_disease_trade_diseases,0.1607284816568828,14,0,0.0,wildlife,disease,trade,diseases,animal,animals,zoonosis,pathogens,infectious,human
1ba0763ee7972e4bc48a84888aa9aeaac4a520d54a4ff0f4a862fd84943d3d04.PG40.PA4,14_wildlife_disease_trade_diseases,0.8253600471218748,14,0,0.0,wildlife,disease,trade,diseases,animal,animals,zoonosis,pathogens,infectious,human
1ba0763ee7972e4bc48a84888aa9aeaac4a520d54a4ff0f4a862fd84943d3d04.PG40.PA5,13_forest_forests_wood_timber,0.9127482526934785,13,0,0.0,forest,forests,wood,timber,forestry,logging,deforestation,asia,management,production
1ba0763ee7972e4bc48a84888aa9aeaac4a520d54a4ff0f4a862fd84943d3d04.PG40.PA7,3_water_groundwater_resources_irrigation,0.5656153940444765,3,0,0.0,water,groundwater,resources,irrigation,river,management,supply,freshwater,basin,hydropower
1ba0763ee7972e4bc48a84888aa9aeaac4a520d54a4ff0f4a862fd84943d3d04.PG40.PA15,18_indigenous_knowledge_local_peoples,0.684199988817788,18,0,0.0,indigenous,knowledge,local,peoples,traditional,ilk,cultural,communities,sacred,nature
1ba0763ee7972e4bc48a84888aa9aeaac4a520d54a4ff0f4a862fd84943d3d04.PG40.PA16,18_indigenous_knowledge_local_peoples,0.6466224060365211,18,0,0.0,indigenous,knowledge,local,peoples,traditional,ilk,cultural,communities,sacred,nature
1ba0763ee7972e4bc48a84888aa9aeaac4a520d54a4ff0f4a862fd84943d3d04.PG42.PA8,4_fisheries_fishing_aquaculture_marine,1.0,4,0,0.0,fisheries,fishing,aquaculture,marine,fish,fishers,management,stocks,fishery,coastal
1ba0763ee7972e4bc48a84888aa9aeaac4a520d54a4ff0f4a862fd84943d3d04.PG42.PA9,4_fisheries_fishing_aquaculture_marine,0.9880456322822868,4,0,0.0,fisheries,fishing,aquaculture,marine,fish,fishers,management,stocks,fishery,coastal
1ba0763ee7972e4bc48a84888aa9aeaac4a520d54a4ff0f4a862fd84943d3d04.PG42.PA11,13_forest_forests_wood_timber,0.7469450086778395,13,0,0.0,forest,forests,wood,timber,forestry,logging,deforestation,asia,management,production
1ba0763ee7972e4bc48a84888aa9aeaac4a520d54a4ff0f4a862fd84943d3d04.PG42.PA13,13_forest_forests_wood_timber,0.8476217644047387,13,0,0.0,forest,forests,wood,timber,forestry,logging,deforestation,asia,management,production
1ba0763ee7972e4bc48a84888aa9aeaac4a520d54a4ff0f4a862fd84943d3d04.PG43.PA5,3_water_groundwater_resources_irrigation,0.6413502400118202,3,0,0.0,water,groundwater,resources,irrigation,river,management,supply,freshwater,basin,hydropower
1ba0763ee7972e4bc48a84888aa9aeaac4a520d54a4ff0f4a862fd84943d3d04.PG43.PA7,39_carbon_co2_vegetation_net,0.7599550295319665,39,0,0.0,carbon,co2,vegetation,net,sink,emissions,biomass,atmospheric,forest,air
1ba0763ee7972e4bc48a84888aa9aeaac4a520d54a4ff0f4a862fd84943d3d04.PG43.PA10,3_water_groundwater_resources_irrigation,0.4711732784083937,3,0,0.0,water,groundwater,resources,irrigation,river,management,supply,freshwater,basin,hydropower
1ba0763ee7972e4bc48a84888aa9aeaac4a520d54a4ff0f4a862fd84943d3d04.PG44.PA4,72_soil_erosion_tillage_soils,1.0,72,0,0.0,soil,erosion,tillage,soils,organic,degradation,matter,land,microbial,biota
1ba0763ee7972e4bc48a84888aa9aeaac4a520d54a4ff0f4a862fd84943d3d04.PG44.PA5,66_wetlands_wetland_ramsar_water,0.675578165405698,66,0,0.0,wetlands,wetland,ramsar,water,convention,pollution,loss,wise,freshwater,in
1ba0763ee7972e4bc48a84888aa9aeaac4a520d54a4ff0f4a862fd84943d3d04.PG44.PA6,14_wildlife_disease_trade_diseases,0.7861531435933121,14,0,0.0,wildlife,disease,trade,diseases,animal,animals,zoonosis,pathogens,infectious,human
1ba0763ee7972e4bc48a84888aa9aeaac4a520d54a4ff0f4a862fd84943d3d04.PG44.PA9,31_disaster_risk_disasters_hazards,0.8592756179272217,31,0,0.0,disaster,risk,disasters,hazards,vulnerability,events,floods,risks,natural,hazard
1ba0763ee7972e4bc48a84888aa9aeaac4a520d54a4ff0f4a862fd84943d3d04.PG45.PA5,18_indigenous_knowledge_local_peoples,0.6518738318573086,18,0,0.0,indigenous,knowledge,local,peoples,traditional,ilk,cultural,communities,sacred,nature
1ba0763ee7972e4bc48a84888aa9aeaac4a520d54a4ff0f4a862fd84943d3d04.PG45.PA17,39_carbon_co2_vegetation_net,0.8155568738224676,39,0,0.0,carbon,co2,vegetation,net,sink,emissions,biomass,atmospheric,forest,air
1ba0763ee7972e4bc48a84888aa9aeaac4a520d54a4ff0f4a862fd84943d3d04.PG49.PA6,4_fisheries_fishing_aquaculture_marine,0.8402636783132674,4,0,0.0,fisheries,fishing,aquaculture,marine,fish,fishers,management,stocks,fishery,coastal
1ba0763ee7972e4bc48a84888aa9aeaac4a520d54a4ff0f4a862fd84943d3d04.PG49.PA7,4_fisheries_fishing_aquaculture_marine,1.0,4,0,0.0,fisheries,fishing,aquaculture,marine,fish,fishers,management,stocks,fishery,coastal
1ba0763ee7972e4bc48a84888aa9aeaac4a520d54a4ff0f4a862fd84943d3d04.PG50.PA8,3_water_groundwater_resources_irrigation,0.5361714038021258,3,0,0.0,water,groundwater,resources,irrigation,river,management,supply,freshwater,basin,hydropower
1ba0763ee7972e4bc48a84888aa9aeaac4a520d54a4ff0f4a862fd84943d3d04.PG52.PA6,49_species_extinction_threatened_red,0.6513153812157135,49,0,0.0,species,extinction,threatened,red,list,iucn,taxonomic,extinct,endangered,risk
1ba0763ee7972e4bc48a84888aa9aeaac4a520d54a4ff0f4a862fd84943d3d04.PG53.PA2,49_species_extinction_threatened_red,1.0,49,0,0.0,species,extinction,threatened,red,list,iucn,taxonomic,extinct,endangered,risk
1ba0763ee7972e4bc48a84888aa9aeaac4a520d54a4ff0f4a862fd84943d3d04.PG54.PA5,49_species_extinction_threatened_red,0.6499813213396188,49,0,0.0,species,extinction,threatened,red,list,iucn,taxonomic,extinct,endangered,risk
1ba0763ee7972e4bc48a84888aa9aeaac4a520d54a4ff0f4a862fd84943d3d04.PG55.PA6,49_species_extinction_threatened_red,0.6403391947082613,49,0,0.0,species,extinction,threatened,red,list,iucn,taxonomic,extinct,endangered,risk
1ba0763ee7972e4bc48a84888aa9aeaac4a520d54a4ff0f4a862fd84943d3d04.PG56.PA3,49_species_extinction_threatened_red,0.8473557564842585,49,0,0.0,species,extinction,threatened,red,list,iucn,taxonomic,extinct,endangered,risk
1ba0763ee7972e4bc48a84888aa9aeaac4a520d54a4ff0f4a862fd84943d3d04.PG60.PA4,4_fisheries_fishing_aquaculture_marine,1.0,4,0,0.0,fisheries,fishing,aquaculture,marine,fish,fishers,management,stocks,fishery,coastal
1ba0763ee7972e4bc48a84888aa9aeaac4a520d54a4ff0f4a862fd84943d3d04.PG60.PA5,3_water_groundwater_resources_irrigation,0.5106502320701151,3,0,0.0,water,groundwater,resources,irrigation,river,management,supply,freshwater,basin,hydropower
1ba0763ee7972e4bc48a84888aa9aeaac4a520d54a4ff0f4a862fd84943d3d04.PG62.PA3,36_invasive_alien_species_native,1.0,36,0,0.0,invasive,alien,species,native,invasion,invasions,ias,introduction,control,islands
1ba0763ee7972e4bc48a84888aa9aeaac4a520d54a4ff0f4a862fd84943d3d04.PG62.PA4,4_fisheries_fishing_aquaculture_marine,0.8551418789225234,4,0,0.0,fisheries,fishing,aquaculture,marine,fish,fishers,management,stocks,fishery,coastal
1ba0763ee7972e4bc48a84888aa9aeaac4a520d54a4ff0f4a862fd84943d3d04.PG62.PA6,14_wildlife_disease_trade_diseases,0.2564416337062055,14,0,0.0,wildlife,disease,trade,diseases,animal,animals,zoonosis,pathogens,infectious,human
1ba0763ee7972e4bc48a84888aa9aeaac4a520d54a4ff0f4a862fd84943d3d04.PG65.PA1,39_carbon_co2_vegetation_net,0.7599550295319665,39,0,0.0,carbon,co2,vegetation,net,sink,emissions,biomass,atmospheric,forest,air
1ba0763ee7972e4bc48a84888aa9aeaac4a520d54a4ff0f4a862fd84943d3d04.PG65.PA3,93_coral_reefs_reef_bleaching,0.5399004164987097,93,0,0.0,coral,reefs,reef,bleaching,corals,caribbean,coastal,marine,acidification,ecosystems
1ba0763ee7972e4bc48a84888aa9aeaac4a520d54a4ff0f4a862fd84943d3d04.PG69.PA10,10_scenarios_decision_policy_scenario,0.9262996037656563,10,0,0.0,scenarios,decision,policy,scenario,models,futures,exploratory,making,archetypes,options
1ba0763ee7972e4bc48a84888aa9aeaac4a520d54a4ff0f4a862fd84943d3d04.PG72.PA2,3_water_groundwater_resources_irrigation,0.6027146842212958,3,0,0.0,water,groundwater,resources,irrigation,river,management,supply,freshwater,basin,hydropower
1ba0763ee7972e4bc48a84888aa9aeaac4a520d54a4ff0f4a862fd84943d3d04.PG73.PA2,4_fisheries_fishing_aquaculture_marine,1.0,4,0,0.0,fisheries,fishing,aquaculture,marine,fish,fishers,management,stocks,fishery,coastal
1ba0763ee7972e4bc48a84888aa9aeaac4a520d54a4ff0f4a862fd84943d3d04.PG73.PA4,4_fisheries_fishing_aquaculture_marine,1.0,4,0,0.0,fisheries,fishing,aquaculture,marine,fish,fishers,management,stocks,fishery,coastal
1ba0763ee7972e4bc48a84888aa9aeaac4a520d54a4ff0f4a862fd84943d3d04.PG73.PA7,13_forest_forests_wood_timber,0.7539596875323772,13,0,0.0,forest,forests,wood,timber,forestry,logging,deforestation,asia,management,production
1ba0763ee7972e4bc48a84888aa9aeaac4a520d54a4ff0f4a862fd84943d3d04.PG74.PA3,39_carbon_co2_vegetation_net,0.8328311494587317,39,0,0.0,carbon,co2,vegetation,net,sink,emissions,biomass,atmospheric,forest,air
1ba0763ee7972e4bc48a84888aa9aeaac4a520d54a4ff0f4a862fd84943d3d04.PG75.PA4,3_water_groundwater_resources_irrigation,0.6413502400118202,3,0,0.0,water,groundwater,resources,irrigation,river,management,supply,freshwater,basin,hydropower
1ba0763ee7972e4bc48a84888aa9aeaac4a520d54a4ff0f4a862fd84943d3d04.PG76.PA1,3_water_groundwater_resources_irrigation,0.6413502400118202,3,0,0.0,water,groundwater,resources,irrigation,river,management,supply,freshwater,basin,hydropower
1ba0763ee7972e4bc48a84888aa9aeaac4a520d54a4ff0f4a862fd84943d3d04.PG76.PA3,1_food_diet_healthy_diets,0.9746287539699459,1,0,0.0,food,diet,healthy,diets,foods,cost,insecurity,nutrition,dietary,income
1ba0763ee7972e4bc48a84888aa9aeaac4a520d54a4ff0f4a862fd84943d3d04.PG76.PA4,1_food_diet_healthy_diets,0.7605414921631348,1,0,0.0,food,diet,healthy,diets,foods,cost,insecurity,nutrition,dietary,income
1ba0763ee7972e4bc48a84888aa9aeaac4a520d54a4ff0f4a862fd84943d3d04.PG80.PA5,36_invasive_alien_species_native,0.9643717841793997,36,0,0.0,invasive,alien,species,native,invasion,invasions,ias,introduction,control,islands
1ba0763ee7972e4bc48a84888aa9aeaac4a520d54a4ff0f4a862fd84943d3d04.PG80.PA6,36_invasive_alien_species_native,0.5469420769958502,36,0,0.0,invasive,alien,species,native,invasion,invasions,ias,introduction,control,islands
1ba0763ee7972e4bc48a84888aa9aeaac4a520d54a4ff0f4a862fd84943d3d04.PG80.PA8,36_invasive_alien_species_native,1.0,36,0,0.0,invasive,alien,species,native,invasion,invasions,ias,introduction,control,islands
1ba0763ee7972e4bc48a84888aa9aeaac4a520d54a4ff0f4a862fd84943d3d04.PG80.PA11,20_agriculture_farming_sustainable_agricultural,0.6085477591892435,20,0,0.0,agriculture,farming,sustainable,agricultural,intensification,practices,farmers,see,food,production
1ba0763ee7972e4bc48a84888aa9aeaac4a520d54a4ff0f4a862fd84943d3d04.PG81.PA3,20_agriculture_farming_sustainable_agricultural,0.5851343346874198,20,0,0.0,agriculture,farming,sustainable,agricultural,intensification,practices,farmers,see,food,production
1ba0763ee7972e4bc48a84888aa9aeaac4a520d54a4ff0f4a862fd84943d3d04.PG81.PA4,13_forest_forests_wood_timber,0.880679767036632,13,0,0.0,forest,forests,wood,timber,forestry,logging,deforestation,asia,management,production
1ba0763ee7972e4bc48a84888aa9aeaac4a520d54a4ff0f4a862fd84943d3d04.PG81.PA9,3_water_groundwater_resources_irrigation,0.857571331332016,3,0,0.0,water,groundwater,resources,irrigation,river,management,supply,freshwater,basin,hydropower
1ba0763ee7972e4bc48a84888aa9aeaac4a520d54a4ff0f4a862fd84943d3d04.PG87.PA18,26_degradation_land_restoration_degraded,0.473805427007592,26,0,0.0,degradation,land,restoration,degraded,assessment,ecosystem,responses,and,of,neutrality
1ba0763ee7972e4bc48a84888aa9aeaac4a520d54a4ff0f4a862fd84943d3d04.PG87.PA22,36_invasive_alien_species_native,0.8164828291618874,36,0,0.0,invasive,alien,species,native,invasion,invasions,ias,introduction,control,islands
1ba0763ee7972e4bc48a84888aa9aeaac4a520d54a4ff0f4a862fd84943d3d04.PG87.PA30,14_wildlife_disease_trade_diseases,0.2718617177694721,14,0,0.0,wildlife,disease,trade,diseases,animal,animals,zoonosis,pathogens,infectious,human
1ba0763ee7972e4bc48a84888aa9aeaac4a520d54a4ff0f4a862fd84943d3d04.PG88.PA8,18_indigenous_knowledge_local_peoples,0.7007932111647304,18,0,0.0,indigenous,knowledge,local,peoples,traditional,ilk,cultural,communities,sacred,nature
1ba0763ee7972e4bc48a84888aa9aeaac4a520d54a4ff0f4a862fd84943d3d04.PG89.PA3,29_fgm_girls_practice_women,0.2578684103276213,29,0,0.0,fgm,girls,practice,women,undergone,aged,who,prevalence,years,15
1ba0763ee7972e4bc48a84888aa9aeaac4a520d54a4ff0f4a862fd84943d3d04.PG92.PA6,49_species_extinction_threatened_red,0.6720117923547684,49,0,0.0,species,extinction,threatened,red,list,iucn,taxonomic,extinct,endangered,risk
1ba0763ee7972e4bc48a84888aa9aeaac4a520d54a4ff0f4a862fd84943d3d04.PG94.PA4,10_scenarios_decision_policy_scenario,0.6639367023177156,10,0,0.0,scenarios,decision,policy,scenario,models,futures,exploratory,making,archetypes,options
1ba0763ee7972e4bc48a84888aa9aeaac4a520d54a4ff0f4a862fd84943d3d04.PG94.PA14,10_scenarios_decision_policy_scenario,1.0,10,0,0.0,scenarios,decision,policy,scenario,models,futures,exploratory,making,archetypes,options
1ba0763ee7972e4bc48a84888aa9aeaac4a520d54a4ff0f4a862fd84943d3d04.PG94.PA26,66_wetlands_wetland_ramsar_water,0.6885359649655537,66,0,0.0,wetlands,wetland,ramsar,water,convention,pollution,loss,wise,freshwater,in
1ba0763ee7972e4bc48a84888aa9aeaac4a520d54a4ff0f4a862fd84943d3d04.PG94.PA28,14_wildlife_disease_trade_diseases,0.46826292244985135,14,0,0.0,wildlife,disease,trade,diseases,animal,animals,zoonosis,pathogens,infectious,human
68baff796cd060a28a731874b42147145c20ac05dc5f2b288b098ae5cfa2b0ef.PG1.PA10,39_carbon_co2_vegetation_net,0.7599550295319665,39,0,0.0,carbon,co2,vegetation,net,sink,emissions,biomass,atmospheric,forest,air
68baff796cd060a28a731874b42147145c20ac05dc5f2b288b098ae5cfa2b0ef.PG1.PA22,39_carbon_co2_vegetation_net,0.7599550295319665,39,0,0.0,carbon,co2,vegetation,net,sink,emissions,biomass,atmospheric,forest,air
68baff796cd060a28a731874b42147145c20ac05dc5f2b288b098ae5cfa2b0ef.PG2.PA3,39_carbon_co2_vegetation_net,0.7599550295319665,39,0,0.0,carbon,co2,vegetation,net,sink,emissions,biomass,atmospheric,forest,air
68baff796cd060a28a731874b42147145c20ac05dc5f2b288b098ae5cfa2b0ef.PG2.PA10,39_carbon_co2_vegetation_net,0.7599550295319665,39,0,0.0,carbon,co2,vegetation,net,sink,emissions,biomass,atmospheric,forest,air
68baff796cd060a28a731874b42147145c20ac05dc5f2b288b098ae5cfa2b0ef.PG2.PA13,39_carbon_co2_vegetation_net,0.7599550295319665,39,0,0.0,carbon,co2,vegetation,net,sink,emissions,biomass,atmospheric,forest,air
68baff796cd060a28a731874b42147145c20ac05dc5f2b288b098ae5cfa2b0ef.PG2.PA16,39_carbon_co2_vegetation_net,0.7957091368616026,39,0,0.0,carbon,co2,vegetation,net,sink,emissions,biomass,atmospheric,forest,air
68baff796cd060a28a731874b42147145c20ac05dc5f2b288b098ae5cfa2b0ef.PG2.PA20,39_carbon_co2_vegetation_net,0.8206798670200115,39,0,0.0,carbon,co2,vegetation,net,sink,emissions,biomass,atmospheric,forest,air
68baff796cd060a28a731874b42147145c20ac05dc5f2b288b098ae5cfa2b0ef.PG2.PA21,39_carbon_co2_vegetation_net,0.7599550295319665,39,0,0.0,carbon,co2,vegetation,net,sink,emissions,biomass,atmospheric,forest,air
68baff796cd060a28a731874b42147145c20ac05dc5f2b288b098ae5cfa2b0ef.PG2.PA22,39_carbon_co2_vegetation_net,0.7599550295319665,39,0,0.0,carbon,co2,vegetation,net,sink,emissions,biomass,atmospheric,forest,air
68baff796cd060a28a731874b42147145c20ac05dc5f2b288b098ae5cfa2b0ef.PG3.PA1,39_carbon_co2_vegetation_net,0.7599550295319665,39,0,0.0,carbon,co2,vegetation,net,sink,emissions,biomass,atmospheric,forest,air
68baff796cd060a28a731874b42147145c20ac05dc5f2b288b098ae5cfa2b0ef.PG3.PA3,39_carbon_co2_vegetation_net,0.7895943565608149,39,0,0.0,carbon,co2,vegetation,net,sink,emissions,biomass,atmospheric,forest,air
68baff796cd060a28a731874b42147145c20ac05dc5f2b288b098ae5cfa2b0ef.PG3.PA8,39_carbon_co2_vegetation_net,0.7599550295319665,39,0,0.0,carbon,co2,vegetation,net,sink,emissions,biomass,atmospheric,forest,air
68baff796cd060a28a731874b42147145c20ac05dc5f2b288b098ae5cfa2b0ef.PG3.PA12,39_carbon_co2_vegetation_net,0.7599550295319665,39,0,0.0,carbon,co2,vegetation,net,sink,emissions,biomass,atmospheric,forest,air
68baff796cd060a28a731874b42147145c20ac05dc5f2b288b098ae5cfa2b0ef.PG4.PA4,39_carbon_co2_vegetation_net,1.0,39,0,0.0,carbon,co2,vegetation,net,sink,emissions,biomass,atmospheric,forest,air
68baff796cd060a28a731874b42147145c20ac05dc5f2b288b098ae5cfa2b0ef.PG4.PA5,39_carbon_co2_vegetation_net,0.8969542640882954,39,0,0.0,carbon,co2,vegetation,net,sink,emissions,biomass,atmospheric,forest,air
68baff796cd060a28a731874b42147145c20ac05dc5f2b288b098ae5cfa2b0ef.PG4.PA10,39_carbon_co2_vegetation_net,0.7599550295319665,39,0,0.0,carbon,co2,vegetation,net,sink,emissions,biomass,atmospheric,forest,air
68baff796cd060a28a731874b42147145c20ac05dc5f2b288b098ae5cfa2b0ef.PG4.PA11,39_carbon_co2_vegetation_net,0.7599550295319665,39,0,0.0,carbon,co2,vegetation,net,sink,emissions,biomass,atmospheric,forest,air
68baff796cd060a28a731874b42147145c20ac05dc5f2b288b098ae5cfa2b0ef.PG4.PA14,39_carbon_co2_vegetation_net,0.7599550295319665,39,0,0.0,carbon,co2,vegetation,net,sink,emissions,biomass,atmospheric,forest,air
68baff796cd060a28a731874b42147145c20ac05dc5f2b288b098ae5cfa2b0ef.PG5.PA2,39_carbon_co2_vegetation_net,0.7599550295319665,39,0,0.0,carbon,co2,vegetation,net,sink,emissions,biomass,atmospheric,forest,air
68baff796cd060a28a731874b42147145c20ac05dc5f2b288b098ae5cfa2b0ef.PG5.PA4,39_carbon_co2_vegetation_net,0.8137784298896565,39,0,0.0,carbon,co2,vegetation,net,sink,emissions,biomass,atmospheric,forest,air
68baff796cd060a28a731874b42147145c20ac05dc5f2b288b098ae5cfa2b0ef.PG5.PA5,39_carbon_co2_vegetation_net,1.0,39,0,0.0,carbon,co2,vegetation,net,sink,emissions,biomass,atmospheric,forest,air
68baff796cd060a28a731874b42147145c20ac05dc5f2b288b098ae5cfa2b0ef.PG6.PA2,39_carbon_co2_vegetation_net,0.7599550295319665,39,0,0.0,carbon,co2,vegetation,net,sink,emissions,biomass,atmospheric,forest,air
68baff796cd060a28a731874b42147145c20ac05dc5f2b288b098ae5cfa2b0ef.PG6.PA6,39_carbon_co2_vegetation_net,0.9656415245947139,39,0,0.0,carbon,co2,vegetation,net,sink,emissions,biomass,atmospheric,forest,air
68baff796cd060a28a731874b42147145c20ac05dc5f2b288b098ae5cfa2b0ef.PG7.PA2,39_carbon_co2_vegetation_net,0.7599550295319665,39,0,0.0,carbon,co2,vegetation,net,sink,emissions,biomass,atmospheric,forest,air
68baff796cd060a28a731874b42147145c20ac05dc5f2b288b098ae5cfa2b0ef.PG7.PA35,15_plastic_waste_mpw_leakage,0.6375803445231852,15,0,0.0,plastic,waste,mpw,leakage,marine,plastics,exposed,catchments,environment,uncollected
68baff796cd060a28a731874b42147145c20ac05dc5f2b288b098ae5cfa2b0ef.PG7.PA47,39_carbon_co2_vegetation_net,0.8206787916496647,39,0,0.0,carbon,co2,vegetation,net,sink,emissions,biomass,atmospheric,forest,air
68baff796cd060a28a731874b42147145c20ac05dc5f2b288b098ae5cfa2b0ef.PG7.PA56,39_carbon_co2_vegetation_net,0.7719571942016685,39,0,0.0,carbon,co2,vegetation,net,sink,emissions,biomass,atmospheric,forest,air
68baff796cd060a28a731874b42147145c20ac05dc5f2b288b098ae5cfa2b0ef.PG8.PA101,39_carbon_co2_vegetation_net,0.8549686073135809,39,0,0.0,carbon,co2,vegetation,net,sink,emissions,biomass,atmospheric,forest,air
68baff796cd060a28a731874b42147145c20ac05dc5f2b288b098ae5cfa2b0ef.PG8.PA120,39_carbon_co2_vegetation_net,0.7599550295319665,39,0,0.0,carbon,co2,vegetation,net,sink,emissions,biomass,atmospheric,forest,air
68baff796cd060a28a731874b42147145c20ac05dc5f2b288b098ae5cfa2b0ef.PG9.PA50,39_carbon_co2_vegetation_net,0.7599550295319665,39,0,0.0,carbon,co2,vegetation,net,sink,emissions,biomass,atmospheric,forest,air
68baff796cd060a28a731874b42147145c20ac05dc5f2b288b098ae5cfa2b0ef.PG9.PA69,39_carbon_co2_vegetation_net,0.8249264628504182,39,0,0.0,carbon,co2,vegetation,net,sink,emissions,biomass,atmospheric,forest,air
68baff796cd060a28a731874b42147145c20ac05dc5f2b288b098ae5cfa2b0ef.PG9.PA78,39_carbon_co2_vegetation_net,0.8500993295626872,39,0,0.0,carbon,co2,vegetation,net,sink,emissions,biomass,atmospheric,forest,air
68baff796cd060a28a731874b42147145c20ac05dc5f2b288b098ae5cfa2b0ef.PG11.PA3,39_carbon_co2_vegetation_net,0.760371395088535,39,0,0.0,carbon,co2,vegetation,net,sink,emissions,biomass,atmospheric,forest,air
68baff796cd060a28a731874b42147145c20ac05dc5f2b288b098ae5cfa2b0ef.PG11.PA4,39_carbon_co2_vegetation_net,0.7719500158775021,39,0,0.0,carbon,co2,vegetation,net,sink,emissions,biomass,atmospheric,forest,air
68baff796cd060a28a731874b42147145c20ac05dc5f2b288b098ae5cfa2b0ef.PG11.PA8,13_forest_forests_wood_timber,0.8629425708962234,13,0,0.0,forest,forests,wood,timber,forestry,logging,deforestation,asia,management,production
68baff796cd060a28a731874b42147145c20ac05dc5f2b288b098ae5cfa2b0ef.PG12.PA17,39_carbon_co2_vegetation_net,0.7884923872893786,39,0,0.0,carbon,co2,vegetation,net,sink,emissions,biomass,atmospheric,forest,air
68baff796cd060a28a731874b42147145c20ac05dc5f2b288b098ae5cfa2b0ef.PG12.PA26,39_carbon_co2_vegetation_net,0.7599550295319665,39,0,0.0,carbon,co2,vegetation,net,sink,emissions,biomass,atmospheric,forest,air
68baff796cd060a28a731874b42147145c20ac05dc5f2b288b098ae5cfa2b0ef.PG14.PA7,39_carbon_co2_vegetation_net,0.8237195853917371,39,0,0.0,carbon,co2,vegetation,net,sink,emissions,biomass,atmospheric,forest,air
68baff796cd060a28a731874b42147145c20ac05dc5f2b288b098ae5cfa2b0ef.PG14.PA14,39_carbon_co2_vegetation_net,0.7599550295319665,39,0,0.0,carbon,co2,vegetation,net,sink,emissions,biomass,atmospheric,forest,air
68baff796cd060a28a731874b42147145c20ac05dc5f2b288b098ae5cfa2b0ef.PG15.PA2,39_carbon_co2_vegetation_net,0.7599550295319665,39,0,0.0,carbon,co2,vegetation,net,sink,emissions,biomass,atmospheric,forest,air
68baff796cd060a28a731874b42147145c20ac05dc5f2b288b098ae5cfa2b0ef.PG16.PA8,39_carbon_co2_vegetation_net,0.7660771837643598,39,0,0.0,carbon,co2,vegetation,net,sink,emissions,biomass,atmospheric,forest,air
68baff796cd060a28a731874b42147145c20ac05dc5f2b288b098ae5cfa2b0ef.PG16.PA14,39_carbon_co2_vegetation_net,0.7599550295319665,39,0,0.0,carbon,co2,vegetation,net,sink,emissions,biomass,atmospheric,forest,air
68baff796cd060a28a731874b42147145c20ac05dc5f2b288b098ae5cfa2b0ef.PG17.PA6,39_carbon_co2_vegetation_net,0.7983527054012148,39,0,0.0,carbon,co2,vegetation,net,sink,emissions,biomass,atmospheric,forest,air
68baff796cd060a28a731874b42147145c20ac05dc5f2b288b098ae5cfa2b0ef.PG17.PA8,13_forest_forests_wood_timber,0.9009239542543115,13,0,0.0,forest,forests,wood,timber,forestry,logging,deforestation,asia,management,production
68baff796cd060a28a731874b42147145c20ac05dc5f2b288b098ae5cfa2b0ef.PG17.PA11,39_carbon_co2_vegetation_net,0.8012267383903674,39,0,0.0,carbon,co2,vegetation,net,sink,emissions,biomass,atmospheric,forest,air
68baff796cd060a28a731874b42147145c20ac05dc5f2b288b098ae5cfa2b0ef.PG18.PA4,133_grazing_pasture_livestock_pastoral,1.0,133,0,0.0,grazing,pasture,livestock,pastoral,rangelands,grasslands,rangeland,pastures,land,lands
68baff796cd060a28a731874b42147145c20ac05dc5f2b288b098ae5cfa2b0ef.PG18.PA6,39_carbon_co2_vegetation_net,0.8751966845087601,39,0,0.0,carbon,co2,vegetation,net,sink,emissions,biomass,atmospheric,forest,air
68baff796cd060a28a731874b42147145c20ac05dc5f2b288b098ae5cfa2b0ef.PG18.PA8,39_carbon_co2_vegetation_net,0.8049267201163888,39,0,0.0,carbon,co2,vegetation,net,sink,emissions,biomass,atmospheric,forest,air
68baff796cd060a28a731874b42147145c20ac05dc5f2b288b098ae5cfa2b0ef.PG18.PA10,39_carbon_co2_vegetation_net,0.8012865374856522,39,0,0.0,carbon,co2,vegetation,net,sink,emissions,biomass,atmospheric,forest,air
68baff796cd060a28a731874b42147145c20ac05dc5f2b288b098ae5cfa2b0ef.PG18.PA12,39_carbon_co2_vegetation_net,0.8233385565091252,39,0,0.0,carbon,co2,vegetation,net,sink,emissions,biomass,atmospheric,forest,air
68baff796cd060a28a731874b42147145c20ac05dc5f2b288b098ae5cfa2b0ef.PG19.PA6,66_wetlands_wetland_ramsar_water,0.8082153675904087,66,0,0.0,wetlands,wetland,ramsar,water,convention,pollution,loss,wise,freshwater,in
68baff796cd060a28a731874b42147145c20ac05dc5f2b288b098ae5cfa2b0ef.PG19.PA8,39_carbon_co2_vegetation_net,0.9459947309748865,39,0,0.0,carbon,co2,vegetation,net,sink,emissions,biomass,atmospheric,forest,air
68baff796cd060a28a731874b42147145c20ac05dc5f2b288b098ae5cfa2b0ef.PG19.PA9,39_carbon_co2_vegetation_net,0.7599550295319665,39,0,0.0,carbon,co2,vegetation,net,sink,emissions,biomass,atmospheric,forest,air
68baff796cd060a28a731874b42147145c20ac05dc5f2b288b098ae5cfa2b0ef.PG20.PA14,39_carbon_co2_vegetation_net,0.7509420670774476,39,0,0.0,carbon,co2,vegetation,net,sink,emissions,biomass,atmospheric,forest,air
68baff796cd060a28a731874b42147145c20ac05dc5f2b288b098ae5cfa2b0ef.PG20.PA23,76_fire_fires_burned_forest,1.0,76,0,0.0,fire,fires,burned,forest,wildfires,forests,boreal,burning,regimes,haze
68baff796cd060a28a731874b42147145c20ac05dc5f2b288b098ae5cfa2b0ef.PG21.PA1,76_fire_fires_burned_forest,1.0,76,0,0.0,fire,fires,burned,forest,wildfires,forests,boreal,burning,regimes,haze
68baff796cd060a28a731874b42147145c20ac05dc5f2b288b098ae5cfa2b0ef.PG21.PA3,39_carbon_co2_vegetation_net,0.7569946569331802,39,0,0.0,carbon,co2,vegetation,net,sink,emissions,biomass,atmospheric,forest,air
68baff796cd060a28a731874b42147145c20ac05dc5f2b288b098ae5cfa2b0ef.PG21.PA13,39_carbon_co2_vegetation_net,0.7599550295319665,39,0,0.0,carbon,co2,vegetation,net,sink,emissions,biomass,atmospheric,forest,air
68baff796cd060a28a731874b42147145c20ac05dc5f2b288b098ae5cfa2b0ef.PG22.PA10,39_carbon_co2_vegetation_net,1.0,39,0,0.0,carbon,co2,vegetation,net,sink,emissions,biomass,atmospheric,forest,air
68baff796cd060a28a731874b42147145c20ac05dc5f2b288b098ae5cfa2b0ef.PG22.PA11,39_carbon_co2_vegetation_net,1.0,39,0,0.0,carbon,co2,vegetation,net,sink,emissions,biomass,atmospheric,forest,air
68baff796cd060a28a731874b42147145c20ac05dc5f2b288b098ae5cfa2b0ef.PG22.PA13,39_carbon_co2_vegetation_net,1.0,39,0,0.0,carbon,co2,vegetation,net,sink,emissions,biomass,atmospheric,forest,air
68baff796cd060a28a731874b42147145c20ac05dc5f2b288b098ae5cfa2b0ef.PG23.PA5,39_carbon_co2_vegetation_net,1.0,39,0,0.0,carbon,co2,vegetation,net,sink,emissions,biomass,atmospheric,forest,air
68baff796cd060a28a731874b42147145c20ac05dc5f2b288b098ae5cfa2b0ef.PG23.PA7,76_fire_fires_burned_forest,1.0,76,0,0.0,fire,fires,burned,forest,wildfires,forests,boreal,burning,regimes,haze
68baff796cd060a28a731874b42147145c20ac05dc5f2b288b098ae5cfa2b0ef.PG23.PA10,39_carbon_co2_vegetation_net,0.7780827884605521,39,0,0.0,carbon,co2,vegetation,net,sink,emissions,biomass,atmospheric,forest,air
68baff796cd060a28a731874b42147145c20ac05dc5f2b288b098ae5cfa2b0ef.PG23.PA11,3_water_groundwater_resources_irrigation,0.38730294556786,3,0,0.0,water,groundwater,resources,irrigation,river,management,supply,freshwater,basin,hydropower
68baff796cd060a28a731874b42147145c20ac05dc5f2b288b098ae5cfa2b0ef.PG23.PA13,39_carbon_co2_vegetation_net,0.8332357404451769,39,0,0.0,carbon,co2,vegetation,net,sink,emissions,biomass,atmospheric,forest,air
68baff796cd060a28a731874b42147145c20ac05dc5f2b288b098ae5cfa2b0ef.PG24.PA14,93_coral_reefs_reef_bleaching,0.6334501223763838,93,0,0.0,coral,reefs,reef,bleaching,corals,caribbean,coastal,marine,acidification,ecosystems
68baff796cd060a28a731874b42147145c20ac05dc5f2b288b098ae5cfa2b0ef.PG24.PA19,39_carbon_co2_vegetation_net,0.7571879640860654,39,0,0.0,carbon,co2,vegetation,net,sink,emissions,biomass,atmospheric,forest,air
68baff796cd060a28a731874b42147145c20ac05dc5f2b288b098ae5cfa2b0ef.PG25.PA24,39_carbon_co2_vegetation_net,0.7599550295319665,39,0,0.0,carbon,co2,vegetation,net,sink,emissions,biomass,atmospheric,forest,air
68baff796cd060a28a731874b42147145c20ac05dc5f2b288b098ae5cfa2b0ef.PG25.PA29,39_carbon_co2_vegetation_net,0.7599550295319665,39,0,0.0,carbon,co2,vegetation,net,sink,emissions,biomass,atmospheric,forest,air
68baff796cd060a28a731874b42147145c20ac05dc5f2b288b098ae5cfa2b0ef.PG26.PA1,39_carbon_co2_vegetation_net,0.7599550295319665,39,0,0.0,carbon,co2,vegetation,net,sink,emissions,biomass,atmospheric,forest,air
68baff796cd060a28a731874b42147145c20ac05dc5f2b288b098ae5cfa2b0ef.PG26.PA3,76_fire_fires_burned_forest,0.6632236027138803,76,0,0.0,fire,fires,burned,forest,wildfires,forests,boreal,burning,regimes,haze
68baff796cd060a28a731874b42147145c20ac05dc5f2b288b098ae5cfa2b0ef.PG26.PA4,76_fire_fires_burned_forest,0.2977638381713613,76,0,0.0,fire,fires,burned,forest,wildfires,forests,boreal,burning,regimes,haze
68baff796cd060a28a731874b42147145c20ac05dc5f2b288b098ae5cfa2b0ef.PG26.PA5,39_carbon_co2_vegetation_net,0.7599550295319665,39,0,0.0,carbon,co2,vegetation,net,sink,emissions,biomass,atmospheric,forest,air
68baff796cd060a28a731874b42147145c20ac05dc5f2b288b098ae5cfa2b0ef.PG26.PA7,39_carbon_co2_vegetation_net,0.7665051499298478,39,0,0.0,carbon,co2,vegetation,net,sink,emissions,biomass,atmospheric,forest,air
68baff796cd060a28a731874b42147145c20ac05dc5f2b288b098ae5cfa2b0ef.PG26.PA11,76_fire_fires_burned_forest,0.2771610195631449,76,0,0.0,fire,fires,burned,forest,wildfires,forests,boreal,burning,regimes,haze
68baff796cd060a28a731874b42147145c20ac05dc5f2b288b098ae5cfa2b0ef.PG26.PA17,39_carbon_co2_vegetation_net,0.7967325939194154,39,0,0.0,carbon,co2,vegetation,net,sink,emissions,biomass,atmospheric,forest,air
68baff796cd060a28a731874b42147145c20ac05dc5f2b288b098ae5cfa2b0ef.PG27.PA3,39_carbon_co2_vegetation_net,1.0,39,0,0.0,carbon,co2,vegetation,net,sink,emissions,biomass,atmospheric,forest,air
68baff796cd060a28a731874b42147145c20ac05dc5f2b288b098ae5cfa2b0ef.PG27.PA9,39_carbon_co2_vegetation_net,0.7599550295319665,39,0,0.0,carbon,co2,vegetation,net,sink,emissions,biomass,atmospheric,forest,air
68baff796cd060a28a731874b42147145c20ac05dc5f2b288b098ae5cfa2b0ef.PG27.PA32,130_permafrost_thaw_arctic_carbon,1.0,130,0,0.0,permafrost,thaw,arctic,carbon,warming,frozen,thawing,ground,extent,snow
68baff796cd060a28a731874b42147145c20ac05dc5f2b288b098ae5cfa2b0ef.PG27.PA37,39_carbon_co2_vegetation_net,0.7599550295319665,39,0,0.0,carbon,co2,vegetation,net,sink,emissions,biomass,atmospheric,forest,air
68baff796cd060a28a731874b42147145c20ac05dc5f2b288b098ae5cfa2b0ef.PG28.PA3,39_carbon_co2_vegetation_net,0.9367145464666152,39,0,0.0,carbon,co2,vegetation,net,sink,emissions,biomass,atmospheric,forest,air
68baff796cd060a28a731874b42147145c20ac05dc5f2b288b098ae5cfa2b0ef.PG28.PA39,130_permafrost_thaw_arctic_carbon,1.0,130,0,0.0,permafrost,thaw,arctic,carbon,warming,frozen,thawing,ground,extent,snow
68baff796cd060a28a731874b42147145c20ac05dc5f2b288b098ae5cfa2b0ef.PG29.PA6,36_invasive_alien_species_native,0.5891894095283088,36,0,0.0,invasive,alien,species,native,invasion,invasions,ias,introduction,control,islands
68baff796cd060a28a731874b42147145c20ac05dc5f2b288b098ae5cfa2b0ef.PG29.PA7,39_carbon_co2_vegetation_net,0.9742738096020012,39,0,0.0,carbon,co2,vegetation,net,sink,emissions,biomass,atmospheric,forest,air
68baff796cd060a28a731874b42147145c20ac05dc5f2b288b098ae5cfa2b0ef.PG29.PA17,39_carbon_co2_vegetation_net,0.7976416783418617,39,0,0.0,carbon,co2,vegetation,net,sink,emissions,biomass,atmospheric,forest,air
68baff796cd060a28a731874b42147145c20ac05dc5f2b288b098ae5cfa2b0ef.PG29.PA26,39_carbon_co2_vegetation_net,0.933526062583307,39,0,0.0,carbon,co2,vegetation,net,sink,emissions,biomass,atmospheric,forest,air
68baff796cd060a28a731874b42147145c20ac05dc5f2b288b098ae5cfa2b0ef.PG29.PA27,39_carbon_co2_vegetation_net,0.7968303888543816,39,0,0.0,carbon,co2,vegetation,net,sink,emissions,biomass,atmospheric,forest,air
68baff796cd060a28a731874b42147145c20ac05dc5f2b288b098ae5cfa2b0ef.PG30.PA33,72_soil_erosion_tillage_soils,1.0,72,0,0.0,soil,erosion,tillage,soils,organic,degradation,matter,land,microbial,biota
68baff796cd060a28a731874b42147145c20ac05dc5f2b288b098ae5cfa2b0ef.PG30.PA48,39_carbon_co2_vegetation_net,1.0,39,0,0.0,carbon,co2,vegetation,net,sink,emissions,biomass,atmospheric,forest,air
68baff796cd060a28a731874b42147145c20ac05dc5f2b288b098ae5cfa2b0ef.PG31.PA5,39_carbon_co2_vegetation_net,1.0,39,0,0.0,carbon,co2,vegetation,net,sink,emissions,biomass,atmospheric,forest,air
68baff796cd060a28a731874b42147145c20ac05dc5f2b288b098ae5cfa2b0ef.PG31.PA16,76_fire_fires_burned_forest,1.0,76,0,0.0,fire,fires,burned,forest,wildfires,forests,boreal,burning,regimes,haze
68baff796cd060a28a731874b42147145c20ac05dc5f2b288b098ae5cfa2b0ef.PG31.PA17,76_fire_fires_burned_forest,0.25926509921466634,76,0,0.0,fire,fires,burned,forest,wildfires,forests,boreal,burning,regimes,haze
68baff796cd060a28a731874b42147145c20ac05dc5f2b288b098ae5cfa2b0ef.PG31.PA33,39_carbon_co2_vegetation_net,0.7599550295319665,39,0,0.0,carbon,co2,vegetation,net,sink,emissions,biomass,atmospheric,forest,air
68baff796cd060a28a731874b42147145c20ac05dc5f2b288b098ae5cfa2b0ef.PG31.PA38,76_fire_fires_burned_forest,1.0,76,0,0.0,fire,fires,burned,forest,wildfires,forests,boreal,burning,regimes,haze
68baff796cd060a28a731874b42147145c20ac05dc5f2b288b098ae5cfa2b0ef.PG32.PA50,39_carbon_co2_vegetation_net,1.0,39,0,0.0,carbon,co2,vegetation,net,sink,emissions,biomass,atmospheric,forest,air
68baff796cd060a28a731874b42147145c20ac05dc5f2b288b098ae5cfa2b0ef.PG33.PA31,39_carbon_co2_vegetation_net,1.0,39,0,0.0,carbon,co2,vegetation,net,sink,emissions,biomass,atmospheric,forest,air
